userId,targetId,like
7,EXP0835,0
20,GUIDE0475,0
15,EXP2069,1
11,TRAV0596,0
8,EXP0596,0
7,TRAV0186,0
19,TRAV0607,0
11,TRAV0637,1
11,EXP2352,0
4,GUIDE0297,1
8,EXP1646,1
3,EXP2259,0
2,TRAV1155,1
12,TRAV1057,1
6,EXP2008,0
2,EXP0874,1
1,EXP2001,1
12,EXP1185,1
12,GUIDE0152,1
17,TRAV1184,1
10,EXP0461,1
16,TRAV0735,1
15,TRAV0163,1
15,EXP0747,0
19,EXP0917,0
12,TRAV0898,0
20,TRAV0766,1
3,GUIDE0664,1
5,TRAV0991,1
19,EXP1582,0
7,TRAV1424,0
9,TRAV0550,0
7,TRAV1253,1
18,GUIDE0987,0
4,EXP0641,0
14,EXP1924,1
18,EXP0767,0
9,GUIDE0023,1
2,TRAV0192,0
20,GUIDE0049,1
15,EXP2031,1
7,GUIDE0976,1
12,EXP0194,1
8,TRAV1181,1
15,EXP0912,0
3,TRAV0869,1
14,TRAV0287,1
17,GUIDE0995,1
4,TRAV1188,1
18,GUIDE0099,0
8,GUIDE0225,1
4,EXP0103,0
2,EXP1294,1
6,EXP0058,1
10,EXP2113,0
4,TRAV0241,0
18,EXP2210,0
12,TRAV0167,1
2,EXP2383,0
10,EXP1482,1
4,TRAV1104,0
14,EXP2331,0
16,GUIDE0765,1
15,GUIDE0053,0
8,EXP1071,0
14,TRAV0689,1
8,TRAV1491,1
16,TRAV1082,1
13,GUIDE0689,0
18,EXP1081,0
15,GUIDE1236,0
13,EXP1506,0
9,TRAV0344,0
15,EXP0832,1
13,TRAV0336,0
1,GUIDE1393,1
7,EXP2080,0
9,TRAV0416,1
1,TRAV0797,0
12,EXP1963,0
8,EXP1154,1
11,TRAV1235,0
19,EXP0508,1
17,EXP1915,0
8,EXP0276,0
3,TRAV0237,1
3,GUIDE0709,0
1,TRAV1199,1
5,EXP2416,0
10,GUIDE0481,0
7,EXP2064,0
9,TRAV1345,0
7,TRAV0935,0
9,GUIDE0196,0
8,EXP0508,0
12,TRAV0721,1
2,EXP1493,0
1,EXP0999,0
16,TRAV1436,0
5,TRAV1202,1
3,TRAV0330,1
12,EXP0586,0
8,GUIDE1290,0
3,EXP1866,0
1,EXP0415,1
3,GUIDE0992,0
5,TRAV0553,1
15,EXP1470,0
14,EXP1329,1
3,EXP0688,1
1,EXP0019,0
5,GUIDE1139,0
14,GUIDE0555,0
7,EXP1411,0
9,GUIDE0393,0
15,EXP1628,0
15,EXP0778,0
10,EXP1103,1
13,EXP1389,0
19,GUIDE1149,0
7,TRAV0485,1
17,EXP0265,0
20,EXP2350,0
4,EXP1913,0
5,TRAV1498,0
7,EXP1636,1
13,EXP2468,1
15,TRAV0270,0
11,TRAV0275,0
4,EXP0067,1
13,EXP0045,0
7,GUIDE0394,1
19,TRAV0541,1
2,EXP2415,1
10,EXP0750,0
13,EXP1909,0
6,EXP1028,0
12,TRAV0778,1
12,TRAV1351,0
20,GUIDE1313,0
11,EXP2069,1
7,GUIDE1013,0
1,EXP0508,0
1,GUIDE0870,0
20,EXP0378,1
13,TRAV0918,0
9,EXP2260,1
3,EXP1411,1
7,EXP1552,1
6,GUIDE1031,0
8,EXP1706,0
9,EXP0479,0
5,TRAV1274,1
1,EXP0890,1
19,EXP1764,0
10,EXP2395,1
12,EXP1861,0
15,GUIDE1388,0
9,GUIDE1340,0
20,GUIDE1108,0
17,TRAV0325,0
17,GUIDE1300,0
20,GUIDE1270,0
12,EXP0611,1
7,GUIDE0243,0
2,EXP0404,1
3,TRAV0434,1
17,TRAV1251,0
5,GUIDE0897,1
17,EXP0926,1
17,GUIDE0700,1
17,GUIDE0627,0
2,EXP1716,0
2,TRAV0339,0
5,EXP0683,0
1,EXP0536,0
1,GUIDE1128,1
19,EXP0845,1
2,EXP1109,0
12,EXP2242,1
6,TRAV0055,1
4,GUIDE0144,1
11,GUIDE0718,1
17,TRAV0024,0
6,EXP1149,0
5,TRAV0798,0
20,TRAV1224,1
2,EXP0705,1
6,GUIDE0661,0
11,TRAV0213,0
16,EXP1965,1
16,EXP0175,0
1,TRAV1468,0
9,EXP1740,1
6,GUIDE1391,1
16,EXP1633,0
3,TRAV0107,1
20,GUIDE0758,0
4,GUIDE1338,1
19,EXP0492,1
3,EXP0720,0
19,TRAV1390,1
20,GUIDE0422,0
7,TRAV1389,1
20,GUIDE1130,0
9,GUIDE0624,1
1,GUIDE0166,1
8,EXP0929,0
7,EXP0704,1
18,GUIDE1175,0
8,EXP2035,1
1,TRAV1238,1
11,GUIDE1317,0
18,GUIDE1443,1
10,TRAV0934,1
3,TRAV1370,0
7,GUIDE1002,1
16,EXP2237,0
16,GUIDE1317,0
20,EXP0722,0
17,GUIDE0386,1
2,EXP2156,1
1,GUIDE0521,0
16,EXP0757,1
12,EXP0105,0
5,EXP1381,1
5,EXP2198,0
9,TRAV0607,0
9,GUIDE0799,1
3,TRAV0569,0
19,TRAV1253,0
16,EXP1540,1
16,TRAV0775,0
3,TRAV1281,0
20,EXP2078,1
1,GUIDE1072,0
20,TRAV0910,0
11,EXP2055,0
17,TRAV0557,0
8,EXP1952,0
4,TRAV1498,0
6,EXP2062,0
8,GUIDE1373,0
20,EXP2384,1
3,EXP1943,0
16,GUIDE0290,0
3,TRAV0833,1
18,EXP1587,0
14,TRAV0279,0
18,EXP2412,0
2,TRAV1405,0
3,GUIDE0371,0
16,EXP2114,0
9,EXP1983,1
4,GUIDE0824,1
1,TRAV0810,1
4,EXP2075,1
1,GUIDE0764,1
14,TRAV1068,0
16,EXP2419,0
20,EXP2444,0
8,TRAV1052,0
7,TRAV0332,0
3,TRAV1145,1
17,EXP1413,1
1,EXP1580,0
16,EXP0139,0
12,EXP1522,0
19,GUIDE1033,1
14,EXP2267,1
6,EXP0471,0
6,EXP2365,1
13,GUIDE0684,0
19,EXP0546,1
8,TRAV1191,1
2,TRAV0139,0
1,EXP0121,1
15,TRAV1473,1
1,TRAV0288,0
5,EXP1446,1
16,EXP2009,0
19,EXP1787,1
4,GUIDE1408,0
3,EXP0336,0
17,EXP0175,1
17,EXP2260,1
12,GUIDE0958,0
14,EXP0167,1
6,EXP1398,1
3,TRAV0793,1
9,TRAV0740,0
5,EXP2032,0
17,EXP1231,0
14,TRAV0281,1
3,EXP0725,1
1,EXP1991,0
20,TRAV0815,0
1,EXP1550,1
3,GUIDE0596,1
18,GUIDE1100,1
10,TRAV0088,1
3,TRAV0240,0
8,EXP2264,1
14,TRAV0385,1
18,EXP0878,0
15,EXP0588,0
2,EXP1043,1
10,TRAV0734,0
2,EXP1025,1
17,EXP0720,1
8,GUIDE0606,0
1,TRAV0766,0
9,TRAV1401,1
11,TRAV0122,0
16,EXP1116,1
7,EXP0228,1
10,GUIDE0348,1
3,TRAV0989,0
18,EXP0881,1
13,EXP1620,1
7,GUIDE0967,1
4,EXP2085,0
13,TRAV0408,1
20,EXP1413,1
1,EXP0931,1
8,GUIDE0067,0
14,EXP0863,1
16,EXP1930,1
14,EXP1703,0
12,EXP0278,0
19,EXP0919,1
15,GUIDE0396,1
2,EXP1990,1
2,GUIDE1259,0
19,EXP1928,0
17,GUIDE0770,1
20,EXP1605,0
10,GUIDE0822,1
6,EXP0217,1
15,EXP1302,0
11,EXP2300,1
5,EXP1118,0
1,GUIDE0962,0
8,EXP0459,1
12,TRAV0886,0
12,TRAV0685,1
5,TRAV0589,0
7,EXP0421,1
4,GUIDE1015,1
6,EXP1861,1
13,EXP1974,0
20,TRAV1355,1
15,EXP0730,0
3,TRAV0033,0
8,TRAV0688,0
20,GUIDE1028,0
16,TRAV1047,0
13,GUIDE1358,1
18,GUIDE1189,0
10,EXP0226,1
19,GUIDE1437,1
17,EXP0601,0
19,GUIDE0668,1
5,EXP1546,1
9,EXP1358,0
12,GUIDE0711,1
1,GUIDE1234,0
1,EXP0263,0
15,EXP1512,0
2,GUIDE0708,1
16,TRAV0710,1
8,EXP1543,1
13,TRAV0411,1
1,EXP0080,0
16,TRAV0069,0
7,GUIDE1110,1
5,TRAV1353,0
3,TRAV0591,1
12,EXP2122,0
16,TRAV0533,0
19,GUIDE1311,0
5,TRAV1455,0
14,TRAV1246,0
5,GUIDE1214,1
15,TRAV1110,1
17,EXP1192,0
14,EXP2040,1
20,EXP1787,0
5,EXP1474,0
12,GUIDE0560,0
16,TRAV1397,0
16,EXP0848,1
7,TRAV1239,0
4,TRAV0642,1
1,EXP1273,0
5,EXP0768,0
10,EXP1228,1
5,GUIDE0508,0
4,EXP1999,0
2,GUIDE0286,1
20,EXP2017,1
10,EXP2487,1
19,GUIDE1228,0
1,EXP1676,0
5,TRAV0225,1
13,TRAV0019,1
4,EXP1134,0
16,GUIDE1253,0
16,EXP1962,1
2,EXP2154,1
17,EXP2135,1
20,EXP1789,1
12,EXP2263,0
18,EXP0255,0
3,GUIDE0802,0
1,EXP1410,0
1,TRAV1083,1
19,EXP1462,0
11,GUIDE1103,1
5,EXP0079,0
12,EXP0839,0
3,TRAV1155,0
1,EXP1358,1
1,EXP2392,0
8,EXP0503,1
10,TRAV1137,1
11,GUIDE0793,0
12,EXP1164,1
13,GUIDE0228,0
12,EXP1762,1
14,EXP1700,0
2,TRAV0464,1
19,GUIDE0582,1
18,EXP0812,0
3,GUIDE1019,0
17,TRAV0800,0
8,GUIDE0716,0
10,EXP1094,1
2,EXP1750,1
19,EXP0781,1
9,TRAV1076,1
7,EXP1120,0
4,EXP0125,1
18,EXP1724,0
13,TRAV0123,1
11,GUIDE0668,0
4,TRAV0268,0
4,TRAV1303,0
10,GUIDE0299,0
5,TRAV1496,0
9,EXP1078,1
3,TRAV0149,0
17,TRAV0547,1
3,TRAV0717,1
16,EXP2405,0
4,GUIDE1246,1
18,TRAV0503,1
17,EXP1428,1
7,EXP2100,0
5,TRAV0770,0
12,TRAV1146,0
17,TRAV0211,0
13,TRAV0841,1
3,EXP1935,1
9,EXP2301,1
17,TRAV1242,1
17,EXP2157,1
20,TRAV0566,1
16,TRAV0155,0
13,GUIDE0058,1
19,EXP1170,1
17,TRAV0376,1
4,GUIDE0512,0
12,EXP0523,1
9,GUIDE0668,1
19,TRAV0317,0
12,TRAV1420,1
9,EXP0198,0
7,GUIDE1139,0
14,EXP0207,1
20,TRAV0121,1
19,TRAV0898,0
15,EXP2100,1
16,TRAV1427,1
5,EXP0055,0
3,GUIDE0274,0
12,EXP1545,1
20,EXP1877,0
4,EXP2339,1
16,GUIDE1095,1
7,EXP1068,1
13,EXP1386,1
10,GUIDE0862,0
7,EXP1201,1
14,EXP2277,0
5,TRAV0067,1
3,EXP0330,1
11,EXP0862,0
11,EXP1067,1
18,TRAV0412,0
15,GUIDE0842,0
12,TRAV0902,1
9,EXP0919,1
10,GUIDE1294,1
12,TRAV1202,1
17,TRAV0860,0
6,EXP2185,1
7,TRAV1496,1
14,TRAV1423,1
13,TRAV1051,1
8,EXP2137,1
10,EXP1960,0
9,EXP1884,1
18,TRAV0489,0
2,EXP0242,1
5,TRAV0796,1
5,EXP1998,1
6,EXP2447,0
19,EXP2011,1
8,GUIDE0712,0
16,TRAV0541,0
13,TRAV0216,1
1,GUIDE0267,0
20,GUIDE0743,1
17,TRAV0492,1
7,GUIDE1071,0
13,GUIDE0328,1
4,EXP2482,1
4,EXP0422,0
6,EXP1653,0
19,TRAV0091,0
12,GUIDE0629,0
7,GUIDE1465,0
10,TRAV0479,0
19,EXP1459,1
7,TRAV1110,0
3,EXP2005,0
13,GUIDE0849,1
13,GUIDE0831,1
18,EXP1382,0
20,EXP1883,0
8,EXP1464,1
9,EXP1159,0
7,EXP1090,0
1,EXP1132,1
3,EXP1275,0
13,EXP1962,1
17,TRAV0998,0
1,EXP2217,1
6,TRAV0345,1
6,EXP0897,1
12,GUIDE0077,0
13,TRAV1417,1
13,TRAV0850,0
15,GUIDE1138,1
16,EXP1076,1
11,EXP2231,1
5,EXP2025,0
4,EXP1605,0
3,EXP0962,1
19,EXP0420,0
20,TRAV0445,0
18,EXP0666,0
15,TRAV0577,1
9,EXP1213,0
17,EXP0556,1
14,TRAV0888,1
15,TRAV0708,1
1,EXP1571,0
3,TRAV0187,1
16,GUIDE0020,0
11,EXP1945,0
12,TRAV0173,1
10,TRAV1049,1
16,EXP1307,1
8,TRAV1231,0
6,GUIDE1130,0
12,GUIDE0239,1
8,TRAV0247,1
4,GUIDE0454,0
8,EXP2015,0
18,EXP1634,1
5,TRAV0067,0
9,EXP0948,0
4,GUIDE0401,0
17,GUIDE0326,0
9,EXP1095,0
1,EXP0881,0
20,GUIDE1089,1
13,GUIDE0835,0
16,TRAV0490,1
13,GUIDE0253,1
14,GUIDE0352,0
3,EXP1465,1
6,EXP0504,1
18,TRAV0310,1
19,EXP0668,0
5,GUIDE0421,1
15,TRAV1280,0
2,EXP0563,1
10,EXP1642,1
18,EXP0905,1
13,GUIDE1137,1
5,GUIDE0155,0
1,TRAV0350,1
1,TRAV0074,1
18,TRAV0762,0
15,TRAV0007,0
17,TRAV1463,0
11,GUIDE1316,1
17,EXP1142,0
13,TRAV1110,0
1,GUIDE0852,0
2,EXP0140,0
9,EXP1335,0
3,TRAV0391,0
1,EXP1026,1
16,GUIDE0236,0
6,GUIDE0157,1
17,GUIDE0105,0
5,TRAV0365,0
5,TRAV0778,0
6,GUIDE0105,1
3,TRAV0260,0
5,GUIDE0380,0
5,EXP0912,0
10,EXP0552,0
10,GUIDE1167,1
19,EXP0450,1
17,TRAV1444,1
14,EXP0556,1
9,GUIDE0193,1
14,EXP0071,0
1,TRAV0345,0
19,TRAV1258,0
13,EXP1420,1
13,EXP1470,0
4,EXP1821,1
1,GUIDE0229,0
17,EXP0144,1
8,GUIDE0183,0
2,EXP2122,0
8,EXP1099,0
7,EXP0176,0
2,EXP1171,1
3,EXP1987,0
18,EXP2444,0
12,TRAV0052,0
1,EXP1491,1
12,TRAV0493,0
5,EXP0991,0
17,EXP1561,0
16,GUIDE0913,0
15,EXP1835,0
15,GUIDE0894,1
5,TRAV0032,1
14,GUIDE0605,1
2,EXP2494,0
11,EXP0755,1
19,EXP0788,0
7,GUIDE0763,0
6,GUIDE1245,0
2,GUIDE0001,0
6,EXP0036,1
18,GUIDE0872,1
2,GUIDE0545,1
18,TRAV1389,0
15,GUIDE0128,1
19,EXP2272,1
2,EXP1726,0
20,EXP2043,1
6,GUIDE0752,0
1,EXP1894,1
15,EXP1704,1
10,GUIDE0057,1
19,EXP0101,0
17,EXP1780,1
5,EXP0092,1
4,EXP0822,1
10,GUIDE0816,1
17,EXP1553,0
10,GUIDE0110,0
17,EXP1657,1
20,GUIDE0775,1
5,EXP1479,1
2,GUIDE0850,0
6,GUIDE0839,1
2,EXP0259,1
13,EXP0256,0
11,GUIDE0116,0
11,GUIDE0654,0
16,GUIDE0443,1
11,TRAV0217,0
19,EXP1136,0
15,EXP1202,1
16,TRAV1486,0
11,EXP1034,1
16,TRAV0988,1
8,EXP1913,0
4,GUIDE0418,1
8,EXP0180,0
4,TRAV0085,0
3,EXP0251,0
3,TRAV0685,1
18,EXP0473,0
19,EXP0480,1
19,EXP0552,1
5,GUIDE0520,1
18,GUIDE0893,0
10,EXP2064,1
6,EXP0986,1
1,GUIDE1383,0
5,EXP1561,0
9,EXP0477,1
12,EXP1066,1
14,EXP1412,0
2,TRAV0294,1
17,GUIDE0632,1
14,GUIDE0376,1
13,EXP2303,1
9,TRAV0763,0
15,GUIDE1076,1
15,GUIDE1337,0
11,TRAV1441,1
16,GUIDE0261,0
17,EXP0415,1
4,GUIDE0595,0
1,EXP1197,1
8,EXP1870,0
17,TRAV1293,1
3,GUIDE0843,1
20,EXP2353,0
15,EXP0616,0
15,EXP0547,0
14,GUIDE1110,0
14,GUIDE0855,0
2,GUIDE0359,1
13,EXP2331,0
14,EXP0858,0
19,EXP2025,1
7,GUIDE1187,0
3,EXP0989,0
15,EXP0284,0
14,EXP1876,1
11,GUIDE1003,0
15,EXP1736,1
13,EXP0859,1
18,EXP0545,0
6,EXP0455,1
3,GUIDE0598,0
19,GUIDE1314,0
15,EXP1959,0
5,GUIDE1446,0
10,EXP0019,0
7,EXP1153,1
17,TRAV1258,1
7,EXP0799,1
12,EXP2301,1
17,GUIDE0769,0
13,EXP1678,0
20,EXP1206,1
4,EXP1234,0
10,GUIDE1006,1
3,EXP1229,1
9,EXP2157,1
13,TRAV0264,1
18,EXP1507,0
15,TRAV1361,0
4,EXP0493,1
15,EXP0848,1
2,TRAV0930,1
15,GUIDE0907,1
8,GUIDE0836,1
8,EXP1967,0
17,EXP0506,1
12,EXP0470,1
19,EXP0747,0
10,EXP2406,0
9,EXP0594,0
5,EXP0457,0
6,GUIDE1200,0
20,EXP0373,0
2,GUIDE0106,0
13,GUIDE1190,0
6,TRAV1213,0
5,EXP1389,1
1,TRAV1088,0
6,EXP0031,1
6,TRAV1289,1
16,EXP2221,1
4,TRAV0566,1
11,GUIDE0662,1
9,TRAV0031,1
3,EXP1080,1
19,EXP1931,1
8,TRAV0887,0
5,EXP0524,1
4,GUIDE1160,1
6,EXP1141,1
2,EXP1158,1
20,EXP0043,0
11,EXP2435,1
4,EXP0137,0
15,EXP1809,0
6,GUIDE1101,1
17,GUIDE0449,1
6,EXP1306,0
19,GUIDE1176,1
2,TRAV0714,1
15,EXP0192,0
11,TRAV1211,0
8,TRAV0974,1
19,TRAV1333,1
13,EXP0919,1
12,GUIDE1187,0
5,EXP2138,1
6,EXP0597,0
4,GUIDE1033,0
19,TRAV0924,1
20,TRAV0820,0
1,TRAV1495,1
20,EXP1820,1
17,GUIDE0106,0
12,EXP1601,1
15,TRAV0626,0
1,TRAV0912,0
14,GUIDE0012,1
6,TRAV0410,1
5,GUIDE1377,1
11,TRAV1070,1
4,EXP0410,0
13,EXP1780,0
11,TRAV0560,0
3,EXP1318,1
1,EXP1591,0
6,EXP2148,0
18,GUIDE0644,1
10,EXP0471,1
5,TRAV1083,1
10,EXP0373,0
12,EXP2442,1
2,EXP1554,0
13,EXP0013,0
8,EXP1911,0
2,EXP1499,0
20,TRAV1002,0
1,TRAV0148,1
5,GUIDE1313,0
9,EXP0274,1
17,EXP0826,0
9,TRAV0076,0
11,TRAV0606,1
15,GUIDE1311,0
6,GUIDE0229,0
3,TRAV0292,1
17,EXP0133,1
5,GUIDE0405,0
12,EXP2227,0
18,EXP1180,0
14,EXP2176,1
11,GUIDE0568,0
9,EXP2498,1
2,GUIDE0956,1
12,EXP1835,0
3,EXP2145,1
3,EXP1883,0
1,GUIDE1395,0
8,TRAV0747,1
8,EXP1970,1
11,GUIDE0234,1
9,TRAV0675,1
5,EXP2428,1
14,EXP1346,1
3,EXP1770,0
5,EXP2014,0
5,GUIDE1119,0
19,TRAV1089,1
14,EXP1000,1
4,GUIDE0357,1
13,EXP2018,0
10,EXP1922,0
18,EXP2180,1
8,EXP1599,1
8,TRAV0277,1
7,EXP0866,1
8,EXP1082,0
14,EXP0847,0
19,EXP1673,0
6,EXP1936,1
1,GUIDE1314,0
15,EXP0209,1
1,EXP0299,1
17,GUIDE0592,1
1,GUIDE0653,0
15,EXP0608,0
2,TRAV1190,1
14,GUIDE1470,0
8,EXP1210,1
8,TRAV0886,1
19,TRAV0495,1
7,EXP0689,0
19,EXP0356,0
6,EXP1120,1
6,TRAV0291,0
3,GUIDE1136,0
7,EXP1436,0
19,GUIDE1165,0
8,EXP1778,1
10,TRAV1496,0
20,TRAV0684,1
15,EXP0082,1
15,EXP2416,0
1,EXP1902,1
20,GUIDE0434,1
7,EXP2154,0
4,TRAV0200,1
6,EXP2382,1
1,EXP0367,0
5,EXP0025,0
1,TRAV0980,0
4,EXP0816,0
2,TRAV0975,0
10,GUIDE1090,1
5,GUIDE0094,1
10,TRAV0971,0
1,EXP0973,0
6,TRAV0496,1
13,EXP0193,0
15,TRAV1020,0
4,GUIDE0500,1
13,GUIDE0844,1
20,TRAV0383,1
15,EXP2430,0
8,EXP2121,1
5,GUIDE0552,0
15,EXP1050,1
4,TRAV1291,0
12,GUIDE1353,0
13,EXP0905,0
2,EXP0442,1
19,EXP1125,1
19,TRAV1255,1
4,EXP1859,0
4,EXP0840,1
11,EXP2188,1
5,EXP0916,0
20,EXP0100,0
11,EXP0619,1
10,GUIDE0280,1
8,TRAV1320,1
6,EXP2316,0
6,GUIDE0754,1
8,EXP1722,0
15,EXP0889,0
14,TRAV0981,1
11,EXP0307,1
12,EXP1599,0
13,EXP2421,0
8,EXP0574,1
18,GUIDE0587,1
1,EXP0569,1
15,TRAV1231,0
8,TRAV0627,0
11,TRAV0254,1
12,EXP2268,0
12,EXP1873,0
4,GUIDE0619,1
16,EXP2149,0
4,GUIDE1102,1
5,GUIDE0302,1
5,EXP1946,0
8,EXP1953,0
10,EXP0849,1
17,TRAV0104,0
9,TRAV0900,1
19,GUIDE0739,0
14,TRAV1476,0
8,EXP1658,0
9,TRAV0373,1
11,GUIDE0763,0
1,GUIDE0218,1
14,EXP0538,1
5,EXP1723,1
14,TRAV1139,0
4,EXP1402,1
1,TRAV1005,1
19,EXP1889,0
8,GUIDE0441,1
15,TRAV0792,1
15,EXP1177,0
9,EXP0524,1
9,TRAV0357,0
10,TRAV0223,1
20,EXP1994,1
9,EXP0773,0
3,TRAV0846,1
20,GUIDE0214,1
11,EXP2254,1
6,GUIDE0890,0
2,TRAV1377,0
7,TRAV0115,0
18,GUIDE0929,0
2,EXP2206,0
17,EXP2334,1
11,EXP0453,0
12,TRAV0695,0
19,EXP2358,0
7,TRAV1471,1
20,TRAV0622,1
6,TRAV1279,0
1,EXP2234,1
17,EXP0340,1
11,GUIDE0173,1
18,EXP0970,1
17,EXP0580,0
7,TRAV0628,0
17,EXP2219,1
20,GUIDE0047,1
9,TRAV0101,1
17,EXP1359,1
20,EXP2442,0
8,TRAV1259,1
17,EXP2372,0
7,GUIDE1047,1
1,TRAV0012,0
13,GUIDE1080,1
19,GUIDE0249,0
19,EXP2070,0
17,EXP0197,0
13,EXP0446,1
16,GUIDE0932,0
8,TRAV1373,1
19,TRAV0896,0
18,EXP2303,0
1,TRAV1292,1
14,EXP0663,0
19,EXP1230,1
15,EXP1334,1
18,EXP1984,1
2,EXP0695,1
17,TRAV0038,0
18,EXP1606,0
6,EXP1858,1
19,EXP1333,0
4,GUIDE1022,0
1,EXP1303,1
8,TRAV1123,0
7,GUIDE0718,1
3,GUIDE1070,0
10,TRAV0803,0
10,EXP0586,1
19,TRAV0757,0
14,GUIDE1378,0
2,EXP1753,1
1,GUIDE0984,0
18,GUIDE0594,1
7,GUIDE1117,0
8,GUIDE1490,1
1,GUIDE0994,1
3,EXP1511,1
8,TRAV0011,1
15,EXP1160,1
5,TRAV0169,0
3,EXP0956,0
19,TRAV0383,1
1,EXP1832,0
15,EXP1610,1
8,EXP2285,0
2,EXP0997,0
3,GUIDE0063,1
14,EXP1424,1
14,TRAV0442,0
11,GUIDE0598,0
16,TRAV1077,1
4,EXP1799,0
20,TRAV0057,0
5,TRAV0854,1
14,EXP0780,0
16,TRAV0442,1
18,TRAV0338,1
7,GUIDE0177,1
10,EXP2117,0
7,EXP1450,0
1,EXP2375,1
19,EXP2179,1
16,EXP0752,0
19,EXP1582,0
4,EXP1682,0
18,GUIDE0646,1
2,EXP0423,1
1,TRAV0640,0
15,EXP1488,0
5,GUIDE1387,0
20,EXP0735,1
11,EXP1947,1
10,TRAV0450,0
2,EXP0702,0
3,EXP1302,1
12,GUIDE1177,1
20,EXP0056,0
5,EXP1737,0
5,EXP0962,0
6,TRAV0743,1
9,EXP1861,0
2,EXP0988,1
12,EXP0318,1
3,EXP0921,0
20,GUIDE0293,0
12,EXP0277,1
17,EXP0658,0
10,EXP2073,1
14,EXP2210,0
17,EXP1435,0
18,EXP2277,0
19,EXP2443,0
17,EXP2401,1
14,EXP1606,1
9,GUIDE0240,1
8,EXP1828,0
2,TRAV0825,1
13,GUIDE1403,1
7,EXP2263,1
9,TRAV1426,0
11,EXP1506,1
14,TRAV0943,0
4,EXP2116,0
13,TRAV0713,1
2,GUIDE0450,0
5,EXP2161,1
11,EXP1392,1
6,TRAV1046,1
18,GUIDE0924,1
10,EXP1327,1
4,TRAV0468,0
9,EXP0507,1
6,GUIDE1127,0
2,TRAV0132,1
17,TRAV0502,1
5,GUIDE0717,1
6,TRAV0743,0
12,EXP0749,0
10,GUIDE1151,0
6,EXP0133,0
8,EXP1174,1
2,EXP2154,1
12,GUIDE1444,0
13,EXP0379,0
7,EXP0049,0
10,GUIDE1416,1
13,EXP0559,0
17,TRAV0516,0
14,EXP0574,1
2,EXP0444,0
11,GUIDE0038,1
1,GUIDE0784,1
19,EXP1565,1
4,TRAV1456,1
19,EXP1752,1
11,EXP0391,0
8,EXP0745,0
11,EXP2004,1
4,GUIDE0477,1
17,EXP1997,0
7,TRAV1241,0
8,EXP1906,1
3,GUIDE0558,0
2,EXP1215,0
15,EXP0191,1
5,TRAV0784,0
1,GUIDE1406,0
4,EXP0913,0
15,TRAV0643,0
20,EXP0343,1
19,TRAV0839,0
3,GUIDE0585,1
20,EXP0492,0
11,GUIDE1035,1
17,TRAV0628,1
13,EXP0278,0
11,GUIDE0751,1
2,TRAV0905,1
9,EXP1109,1
2,GUIDE0462,1
9,TRAV0797,1
9,TRAV1096,0
8,EXP2348,1
17,GUIDE0202,1
1,GUIDE0099,0
11,EXP0110,0
8,EXP2382,1
10,TRAV0427,0
7,TRAV0469,0
3,GUIDE1352,0
3,TRAV0893,0
18,EXP1426,0
5,EXP1380,0
12,GUIDE0769,1
12,TRAV1377,1
19,EXP1699,0
6,GUIDE1225,0
2,TRAV1047,1
12,GUIDE1010,0
19,EXP1773,1
5,EXP0798,0
12,EXP1872,1
17,EXP2451,1
17,GUIDE1399,0
10,EXP2061,0
17,GUIDE1305,0
15,TRAV0717,0
12,GUIDE0969,1
16,EXP2179,0
19,EXP1583,1
8,EXP0735,0
17,TRAV0917,1
5,EXP2182,0
16,EXP1457,0
6,GUIDE0943,1
8,EXP0281,0
18,EXP1315,0
12,EXP0600,0
15,EXP1212,0
9,TRAV0737,0
13,GUIDE1387,1
15,TRAV1134,0
10,EXP0902,1
16,TRAV1462,0
7,EXP2157,0
17,EXP0282,1
7,EXP1426,1
14,EXP1116,1
15,EXP0351,1
7,EXP0480,1
9,TRAV0274,0
19,EXP1434,1
16,EXP1185,1
8,TRAV0457,0
18,GUIDE0881,0
18,GUIDE1369,1
20,EXP2199,1
7,EXP2127,1
3,TRAV1233,0
18,TRAV1026,1
10,EXP1772,0
7,GUIDE0823,0
17,TRAV0387,0
14,EXP0820,0
3,EXP0216,1
12,EXP0273,0
13,EXP0272,0
2,EXP2107,1
3,EXP0829,0
5,GUIDE0605,1
11,EXP2102,0
8,EXP1446,1
12,EXP1245,0
7,EXP0267,0
15,EXP1173,1
17,GUIDE0273,0
4,EXP0387,0
13,EXP2163,1
18,TRAV0754,0
1,EXP0265,0
16,GUIDE0225,1
13,GUIDE0369,1
10,GUIDE0168,1
12,EXP1788,1
2,TRAV1200,1
3,GUIDE1048,0
10,TRAV0268,1
2,TRAV1360,0
13,GUIDE1031,1
13,TRAV1221,0
18,EXP1131,0
3,TRAV1457,1
7,EXP0229,0
14,GUIDE1221,0
20,GUIDE1420,1
17,EXP0963,1
12,TRAV0907,1
16,GUIDE1358,1
12,GUIDE0059,0
15,TRAV1389,0
10,EXP1010,0
7,EXP1333,0
20,GUIDE0628,0
5,EXP0697,0
1,EXP1198,1
17,EXP2023,0
3,EXP1379,0
13,EXP0605,0
14,EXP0429,1
18,GUIDE0892,1
4,GUIDE0716,1
18,EXP2314,1
5,EXP2074,0
16,GUIDE1031,0
1,TRAV1445,0
14,TRAV0623,1
15,GUIDE0554,0
9,EXP0723,0
15,TRAV1344,0
17,EXP2420,1
4,EXP0727,1
12,EXP1330,1
5,EXP1009,0
5,EXP0871,0
11,GUIDE0666,0
6,TRAV0413,0
7,GUIDE0158,1
14,TRAV0295,0
11,EXP2335,1
13,GUIDE0222,0
2,EXP0613,1
7,GUIDE0665,0
20,GUIDE0793,0
4,TRAV0607,1
8,EXP2074,1
20,TRAV1034,0
19,GUIDE0639,0
13,EXP1796,0
14,TRAV0623,1
10,GUIDE0713,0
11,EXP0516,1
2,EXP0685,0
9,GUIDE0996,0
17,EXP1212,0
3,EXP1140,0
6,GUIDE1215,1
5,TRAV1091,1
5,GUIDE1142,0
15,EXP1538,0
17,GUIDE0808,0
9,EXP1174,1
3,EXP1130,0
20,EXP2429,1
17,EXP1141,1
10,TRAV1166,1
3,GUIDE0716,1
18,TRAV1493,0
18,GUIDE1442,0
17,EXP0998,1
3,EXP0068,0
3,TRAV0568,0
6,TRAV1120,0
13,EXP1701,1
15,GUIDE1120,0
9,EXP0908,0
4,TRAV0639,0
14,TRAV1256,0
5,GUIDE0874,0
2,EXP1174,0
11,EXP0433,0
9,EXP1393,0
3,GUIDE1066,0
9,EXP1645,0
3,TRAV1075,1
2,EXP1115,0
12,EXP2333,1
10,EXP1970,0
9,EXP1415,1
15,EXP1401,1
8,TRAV0533,0
5,GUIDE0850,1
11,EXP0381,1
2,GUIDE0940,1
15,EXP1921,0
6,GUIDE0530,1
8,EXP1427,1
5,EXP0179,0
16,EXP1136,1
18,EXP1002,1
6,TRAV0497,1
5,EXP2090,0
16,GUIDE1277,1
13,EXP2165,0
5,EXP1538,1
13,EXP0332,1
17,GUIDE0944,1
18,GUIDE0216,1
8,GUIDE1413,0
13,EXP1398,1
19,GUIDE0381,0
3,GUIDE1112,1
8,TRAV1148,0
2,GUIDE1157,1
8,GUIDE1052,1
13,EXP2087,0
13,TRAV0738,0
1,EXP1020,0
6,EXP1400,0
19,TRAV0198,1
16,TRAV1474,0
8,EXP1972,0
1,EXP1919,0
16,EXP1105,1
9,GUIDE1319,1
13,EXP0130,1
11,EXP1033,1
13,GUIDE0395,0
10,GUIDE1356,1
4,TRAV0668,0
6,EXP2267,1
7,EXP0314,0
5,TRAV1100,0
11,TRAV1221,0
13,EXP0839,0
19,EXP0692,0
10,EXP0241,1
10,GUIDE0280,0
11,GUIDE1416,0
7,EXP0925,0
18,GUIDE1314,0
4,TRAV0577,1
2,TRAV0389,1
14,GUIDE0584,0
13,EXP0528,0
12,EXP1219,0
7,TRAV1421,0
2,GUIDE0749,1
13,GUIDE1368,1
14,TRAV0926,0
17,TRAV0598,0
9,TRAV0271,0
17,TRAV0013,0
8,EXP0662,0
2,EXP1515,1
13,EXP1245,1
3,EXP1945,0
16,GUIDE0299,1
6,EXP0008,1
19,TRAV0602,1
7,TRAV0086,0
10,GUIDE0621,1
9,EXP2299,1
2,GUIDE0615,0
15,TRAV0882,1
5,EXP0556,0
4,GUIDE0134,1
20,EXP0118,0
4,TRAV0105,0
18,EXP0130,1
4,TRAV0138,1
17,EXP1381,0
12,TRAV0517,0
17,EXP1341,1
10,EXP2112,1
1,EXP1798,1
18,GUIDE0942,1
18,GUIDE0164,0
14,GUIDE0713,0
15,EXP0294,0
12,TRAV0345,1
4,EXP1760,1
3,TRAV0868,0
20,GUIDE1295,0
12,GUIDE0799,0
7,EXP2417,0
11,TRAV0506,0
1,TRAV1160,0
6,TRAV0946,1
15,GUIDE1017,0
15,EXP1295,0
19,TRAV0253,0
11,TRAV0317,0
2,GUIDE0101,0
14,TRAV1113,0
2,EXP0307,0
4,EXP0527,1
17,EXP0866,0
3,EXP0333,1
13,TRAV1053,1
9,EXP2145,1
7,EXP1695,0
15,EXP2170,0
11,TRAV0513,0
20,EXP1041,0
2,TRAV0049,0
15,EXP2064,0
14,TRAV1042,0
20,EXP0663,0
11,EXP1256,0
3,GUIDE0366,0
17,EXP1058,1
12,EXP0191,0
15,EXP1851,0
16,TRAV0630,0
5,TRAV1464,1
20,EXP0127,0
6,GUIDE0687,0
19,TRAV0638,1
5,EXP1996,0
3,EXP0085,1
1,GUIDE1172,1
6,GUIDE0681,1
15,EXP1779,1
2,EXP0856,0
3,EXP0146,1
17,TRAV0504,1
12,TRAV0090,0
18,TRAV0192,0
15,EXP1516,0
12,TRAV0107,1
16,EXP1037,0
8,TRAV1232,1
14,EXP1879,1
17,EXP2206,0
8,EXP0616,0
15,GUIDE0308,0
14,TRAV1185,0
18,GUIDE1443,0
20,TRAV1124,0
7,GUIDE0003,1
3,GUIDE0850,1
12,EXP1014,0
3,TRAV0833,1
20,EXP0580,1
14,GUIDE0977,1
15,GUIDE0145,1
14,EXP0791,1
7,EXP2213,1
17,EXP1635,0
12,EXP1711,0
20,GUIDE0376,0
4,EXP2081,1
9,EXP1557,0
6,TRAV0993,0
16,EXP1261,0
2,EXP1008,1
8,EXP0078,0
11,GUIDE0688,1
13,GUIDE0905,0
17,GUIDE0603,0
8,GUIDE1305,0
18,EXP1568,1
18,EXP1718,1
14,TRAV0490,1
15,GUIDE0441,1
6,EXP2060,1
11,EXP0374,0
13,EXP2245,0
1,EXP0865,1
6,TRAV0309,1
9,EXP1780,0
8,GUIDE0035,1
11,GUIDE0116,0
19,GUIDE0446,1
9,GUIDE0520,0
17,GUIDE1077,1
12,TRAV0141,1
14,TRAV0795,0
15,EXP2229,0
16,EXP0942,1
20,TRAV0056,1
1,EXP1261,0
10,GUIDE0911,1
8,EXP2171,0
18,GUIDE0909,0
1,GUIDE0647,1
2,EXP0123,0
1,TRAV0587,0
1,EXP0306,1
9,TRAV1321,0
13,GUIDE0188,0
1,GUIDE1235,0
13,EXP1870,0
20,GUIDE0921,1
7,GUIDE0827,0
2,TRAV0637,1
6,TRAV0235,0
7,GUIDE0401,1
14,GUIDE0033,0
18,EXP2069,1
15,EXP1347,0
2,GUIDE0371,0
10,EXP0535,0
12,EXP0703,0
17,TRAV0545,1
8,EXP1411,1
11,TRAV0246,0
3,EXP0756,1
6,EXP0226,0
9,GUIDE0192,0
6,GUIDE1273,1
9,GUIDE0673,1
7,TRAV0257,1
9,EXP0913,0
18,TRAV0539,0
12,EXP1997,1
8,EXP0270,0
8,EXP0742,1
18,GUIDE1076,1
20,TRAV0579,1
15,EXP2215,1
7,EXP0813,1
11,TRAV1242,1
20,GUIDE0228,0
16,TRAV1253,0
4,GUIDE0681,1
6,EXP1001,1
3,EXP2490,1
9,GUIDE1145,0
10,GUIDE0574,1
14,GUIDE0411,1
11,EXP0893,1
18,TRAV1227,0
12,GUIDE0691,1
12,TRAV0644,0
13,GUIDE0275,0
13,EXP1093,1
19,EXP2159,0
19,EXP1299,0
14,GUIDE1063,0
4,GUIDE1328,1
13,GUIDE1128,0
8,EXP0164,1
19,EXP1265,1
12,EXP0982,1
18,GUIDE0235,0
6,GUIDE0225,1
18,EXP0990,0
19,TRAV0740,0
5,EXP0637,0
9,TRAV1303,0
3,EXP0978,1
10,EXP0502,1
19,EXP1904,0
3,TRAV0783,1
15,TRAV0047,1
1,EXP2126,1
7,EXP0728,0
12,TRAV1189,1
17,EXP0438,0
20,EXP1555,1
5,TRAV0281,0
4,EXP1472,0
12,EXP2232,0
20,EXP0825,1
18,TRAV1324,0
17,EXP1491,1
19,EXP0478,0
9,GUIDE0228,1
4,TRAV1376,0
2,EXP0601,1
4,EXP2477,0
2,TRAV1218,0
15,EXP0427,0
2,EXP2270,1
4,GUIDE1487,0
6,TRAV1094,0
7,TRAV0539,0
10,EXP1843,0
19,EXP2317,1
19,TRAV0696,0
12,GUIDE1101,0
3,GUIDE1277,1
13,EXP1898,1
18,EXP0617,1
8,GUIDE1030,0
15,GUIDE0582,1
1,EXP2414,1
3,EXP1152,1
8,EXP0566,0
4,EXP0476,0
16,TRAV0325,0
10,GUIDE0204,1
12,EXP2188,0
14,GUIDE0284,1
14,EXP1190,1
2,GUIDE0317,1
5,EXP0623,0
5,EXP1417,1
6,EXP2157,1
13,EXP0123,0
9,TRAV0835,1
15,GUIDE1361,1
14,EXP1639,1
7,TRAV0299,0
20,GUIDE1316,1
2,EXP1543,0
7,EXP2174,0
6,GUIDE0807,1
17,EXP0262,1
2,EXP0405,1
3,GUIDE1261,1
5,EXP1105,0
5,EXP0487,0
1,TRAV0433,1
8,GUIDE0568,0
12,EXP1639,1
4,EXP2375,1
13,GUIDE0043,1
15,TRAV1300,1
11,GUIDE1080,0
10,EXP1873,0
3,GUIDE0876,1
14,GUIDE0385,1
16,EXP0502,0
10,TRAV0303,0
10,TRAV1433,0
12,GUIDE0617,1
9,EXP1083,0
1,TRAV0072,1
5,EXP2445,1
20,GUIDE0457,0
8,EXP1123,1
11,TRAV1034,0
12,EXP2259,1
1,TRAV0673,1
20,GUIDE0779,1
11,EXP2004,1
5,EXP0472,1
15,GUIDE1090,1
5,GUIDE0085,0
12,GUIDE1186,0
5,TRAV0912,1
17,GUIDE0694,0
17,GUIDE1270,1
12,TRAV0832,0
15,EXP2488,0
15,EXP2411,1
6,GUIDE0528,0
12,TRAV1043,1
20,GUIDE0463,0
18,EXP1782,1
14,GUIDE0940,0
2,GUIDE0119,1
9,EXP0597,0
5,EXP0770,1
20,GUIDE0967,0
1,EXP0883,1
3,GUIDE0051,0
6,EXP0148,1
5,GUIDE0843,0
5,EXP0349,1
1,EXP1368,1
17,EXP2306,1
19,EXP0513,1
14,EXP0345,0
12,EXP0978,0
10,TRAV0337,0
20,TRAV1449,1
18,GUIDE1302,1
11,EXP1280,1
2,GUIDE1032,1
18,EXP1123,1
7,TRAV0979,0
15,TRAV1170,0
11,TRAV0306,0
18,TRAV0316,1
12,TRAV1136,1
6,EXP0435,1
20,GUIDE1347,1
13,EXP0271,1
20,GUIDE0253,1
16,EXP1014,1
18,GUIDE0700,0
10,EXP0144,0
8,GUIDE0198,1
18,GUIDE1277,1
1,EXP0178,1
8,EXP2359,0
6,TRAV0841,0
5,EXP1927,1
15,EXP2318,0
15,EXP1204,0
2,TRAV0890,0
1,EXP2400,1
11,EXP0379,0
10,GUIDE0838,0
18,EXP0951,1
18,EXP1192,1
17,TRAV0384,0
8,EXP1064,1
15,TRAV0403,0
8,EXP1106,0
17,TRAV1202,1
12,EXP0947,1
8,EXP1351,0
14,TRAV0233,1
4,EXP0899,1
1,GUIDE1225,0
1,TRAV0006,0
19,GUIDE0853,0
16,EXP1503,0
14,EXP0182,0
16,GUIDE1426,0
5,GUIDE0377,1
9,EXP2482,1
2,GUIDE0439,0
18,EXP1703,1
6,TRAV1138,1
9,TRAV0092,0
1,TRAV1037,1
9,GUIDE0455,1
16,EXP2464,0
13,GUIDE0381,1
9,TRAV0558,1
13,TRAV0124,0
9,EXP1812,1
11,EXP0418,1
4,EXP0676,1
2,EXP0049,0
6,EXP0809,0
14,EXP0506,1
4,EXP0658,1
6,EXP0433,0
19,GUIDE1341,0
6,TRAV1188,1
2,GUIDE1055,0
18,TRAV1229,1
13,EXP0381,1
9,TRAV0084,0
19,TRAV0440,0
13,EXP2007,1
11,TRAV1234,1
1,GUIDE0387,0
7,GUIDE1149,1
15,GUIDE0298,0
1,EXP0137,0
12,GUIDE0749,0
7,EXP0429,0
15,GUIDE0037,0
19,EXP1518,1
1,TRAV0600,0
17,GUIDE1470,0
17,GUIDE1494,0
3,EXP1309,0
12,TRAV0144,0
6,EXP1203,0
11,TRAV0772,0
3,EXP0210,1
8,TRAV1250,1
14,GUIDE0249,1
14,TRAV0529,1
10,EXP0813,0
2,EXP0038,1
14,EXP0665,0
9,GUIDE0690,1
3,TRAV0106,1
8,TRAV0657,0
16,EXP0222,0
2,GUIDE0315,1
6,EXP2375,1
12,EXP0965,1
5,GUIDE1162,1
2,TRAV0387,0
16,EXP2434,1
5,EXP1470,1
15,GUIDE1138,1
12,EXP0221,1
4,GUIDE0818,1
15,EXP0948,0
11,GUIDE0967,0
16,EXP2461,0
6,GUIDE0275,0
14,EXP1888,0
18,EXP0273,1
12,EXP1888,0
11,EXP1159,0
13,GUIDE0816,1
11,EXP0984,0
16,EXP1615,0
15,EXP0176,0
15,TRAV0542,0
4,TRAV0870,1
11,TRAV1362,1
19,GUIDE1014,0
15,GUIDE0308,1
4,GUIDE0499,0
13,GUIDE0548,1
19,EXP0723,1
2,TRAV0497,1
14,EXP2028,1
4,TRAV1481,1
16,EXP2043,1
20,TRAV1101,1
14,TRAV0550,1
15,EXP0325,1
3,TRAV0223,1
8,EXP1366,1
16,EXP2069,0
10,TRAV0300,1
4,EXP1059,0
18,EXP0924,1
2,EXP0496,0
17,EXP0565,0
13,EXP0741,0
4,GUIDE0846,1
11,GUIDE0546,1
7,EXP1669,1
12,EXP0387,1
10,EXP0839,0
7,EXP0615,1
13,EXP2388,1
7,EXP1293,1
17,EXP0673,1
10,GUIDE0271,1
10,TRAV0664,1
4,EXP1222,1
20,TRAV0530,1
4,GUIDE0573,0
7,EXP1987,0
1,EXP0180,1
12,EXP1308,1
13,EXP0273,1
10,EXP2312,1
15,TRAV0359,0
13,TRAV1108,0
9,EXP1448,1
9,TRAV0580,0
15,TRAV0657,0
10,GUIDE0356,1
10,EXP1813,1
8,EXP1357,1
16,GUIDE1089,0
17,EXP0444,0
5,GUIDE0757,1
4,TRAV0170,1
18,EXP1357,0
19,EXP0211,0
4,EXP2039,1
7,EXP2334,0
10,EXP1948,1
18,EXP0189,1
19,TRAV0131,0
4,TRAV0226,0
10,GUIDE0159,0
1,EXP0556,1
18,EXP0362,1
5,EXP1138,1
15,GUIDE0598,1
17,TRAV1365,1
3,EXP0848,1
12,TRAV1469,0
2,GUIDE0993,1
1,EXP0326,1
17,EXP1548,1
16,TRAV1359,1
5,GUIDE0141,0
15,GUIDE1326,1
3,EXP1016,0
7,TRAV1233,0
11,EXP0567,1
10,EXP1871,1
9,TRAV1473,0
14,EXP1486,0
13,TRAV1286,1
2,GUIDE0203,0
3,GUIDE1137,1
7,TRAV0214,1
18,GUIDE0354,0
3,GUIDE0919,1
10,GUIDE0471,1
7,EXP2481,1
9,GUIDE1360,0
17,EXP0172,0
11,EXP2284,0
7,EXP2049,1
14,EXP1634,0
19,EXP2274,0
4,EXP2025,0
6,EXP2339,1
10,GUIDE0380,1
7,TRAV0560,0
13,EXP1877,0
14,TRAV0738,0
4,EXP1418,1
8,EXP2051,0
5,EXP1735,1
1,GUIDE0221,1
4,EXP1382,1
3,EXP1408,0
9,EXP0429,0
8,EXP1752,1
1,TRAV0207,1
6,TRAV1235,1
9,TRAV1178,1
7,TRAV1243,0
4,EXP0730,0
13,EXP1553,1
17,EXP0392,1
2,TRAV0528,1
5,GUIDE0604,0
12,GUIDE0604,1
8,EXP0189,0
6,EXP0348,1
8,TRAV0081,0
18,TRAV0434,0
3,EXP2119,1
12,EXP1508,0
3,EXP0117,0
6,GUIDE1378,0
2,EXP1785,0
12,EXP0333,1
2,GUIDE0021,1
6,GUIDE0139,1
17,TRAV0143,1
3,TRAV0123,1
2,TRAV0573,0
20,TRAV0866,0
8,GUIDE0522,0
12,TRAV1159,0
4,GUIDE1384,1
5,EXP0283,1
13,EXP2276,0
15,GUIDE0042,1
16,TRAV0517,0
10,EXP1644,0
16,GUIDE1327,1
12,EXP1669,1
17,EXP1213,1
16,GUIDE0339,1
12,EXP2440,1
8,GUIDE0264,1
20,TRAV0144,1
3,TRAV0787,0
16,EXP2428,1
13,EXP1355,0
19,EXP1750,0
8,EXP0895,1
5,TRAV0747,0
20,TRAV0039,1
8,GUIDE0239,0
12,GUIDE0014,0
1,EXP0159,0
20,EXP1397,1
6,EXP2103,0
18,EXP0496,0
8,TRAV1162,0
7,GUIDE1177,1
1,EXP0064,0
16,EXP0522,1
12,GUIDE1292,0
6,TRAV0965,0
20,GUIDE0733,0
2,EXP2283,1
14,EXP0329,0
4,TRAV0623,0
1,GUIDE1142,0
18,EXP1575,0
13,EXP0944,1
2,EXP2178,0
9,EXP0774,0
2,GUIDE0162,0
9,GUIDE0788,0
1,EXP1142,1
11,TRAV0244,0
3,TRAV0566,0
20,EXP1873,1
4,EXP2291,0
18,GUIDE0785,0
6,EXP0515,0
3,EXP1232,1
11,EXP1192,0
15,EXP0199,1
5,TRAV0001,1
20,GUIDE0729,1
10,EXP0180,1
12,EXP0086,1
15,EXP1190,1
17,TRAV1487,1
10,EXP1725,0
6,EXP1949,0
18,EXP0557,1
13,EXP0811,1
3,TRAV1055,1
10,TRAV0869,1
14,EXP1894,1
6,GUIDE0226,1
3,TRAV0653,0
16,EXP0146,0
7,GUIDE0467,1
20,GUIDE0545,1
14,EXP2472,1
9,EXP1851,0
15,EXP0069,1
3,EXP1575,0
2,EXP0546,0
2,GUIDE1239,0
3,TRAV0708,1
18,EXP1222,1
14,GUIDE1469,0
20,GUIDE0940,0
18,GUIDE1040,0
10,TRAV0134,0
2,EXP1527,1
1,EXP1300,0
4,EXP0344,1
14,EXP1456,0
1,EXP1323,1
14,TRAV1096,0
16,TRAV0288,1
14,EXP2150,1
20,EXP0455,1
3,GUIDE0214,0
3,GUIDE0150,1
9,TRAV1138,0
6,TRAV0226,1
13,EXP0965,1
2,EXP0075,0
8,EXP0284,1
2,EXP0617,1
4,EXP1431,0
15,EXP1282,1
4,TRAV0387,1
13,EXP2227,1
12,EXP0581,1
13,EXP1681,0
14,EXP1353,1
20,GUIDE1489,1
18,TRAV0874,1
6,EXP0914,1
11,TRAV1071,1
2,TRAV1352,1
19,TRAV0167,1
19,GUIDE1355,1
5,GUIDE0865,0
19,EXP1450,0
2,EXP0609,0
10,EXP1385,0
2,EXP1522,1
11,EXP1224,1
18,TRAV0434,0
15,TRAV1306,0
9,TRAV0789,0
19,TRAV0093,1
9,TRAV0336,1
3,EXP0152,0
9,EXP1895,0
14,EXP0925,0
19,EXP1541,0
7,TRAV0109,0
16,EXP1879,1
16,GUIDE0985,0
1,GUIDE0323,1
4,EXP1591,0
4,EXP1717,0
7,GUIDE0499,1
8,EXP1702,0
17,TRAV0080,1
5,GUIDE0302,1
7,EXP1500,0
20,GUIDE1136,0
20,GUIDE1089,1
4,EXP0254,1
6,EXP0989,0
7,GUIDE0793,1
18,EXP1584,0
5,EXP0862,1
20,GUIDE1480,0
3,EXP0967,1
7,GUIDE0503,1
14,EXP2245,0
7,GUIDE0939,1
5,TRAV0726,1
5,GUIDE0994,1
2,TRAV0858,1
6,EXP1568,1
15,EXP2106,1
10,EXP2161,1
7,TRAV0459,0
5,EXP0402,1
1,TRAV0999,1
13,GUIDE0413,0
18,EXP2452,1
13,GUIDE0311,1
18,TRAV1057,0
5,EXP1165,1
13,EXP0173,1
4,GUIDE1497,0
17,GUIDE0344,0
3,EXP0681,1
17,EXP0738,1
11,GUIDE1039,0
20,EXP0464,1
4,GUIDE0084,0
2,TRAV1392,0
20,EXP0559,0
16,TRAV0325,1
18,TRAV0210,0
8,TRAV1367,0
3,EXP1054,0
9,EXP0472,1
20,EXP1375,1
6,EXP1864,1
10,GUIDE1284,0
10,GUIDE0105,1
13,TRAV1104,1
17,EXP2295,0
9,TRAV0468,0
17,EXP0232,1
9,EXP0185,1
9,EXP1626,0
1,EXP1093,1
2,TRAV0390,0
16,TRAV1264,0
1,EXP1554,1
10,GUIDE0878,1
18,TRAV0953,1
8,TRAV0041,1
11,EXP0882,0
2,GUIDE0230,1
8,EXP2235,1
8,TRAV0822,1
17,GUIDE0914,0
15,EXP0447,1
17,EXP1666,1
13,TRAV1355,0
19,GUIDE0521,0
5,EXP1429,0
12,GUIDE0560,0
1,GUIDE0818,0
5,EXP2363,1
8,EXP1933,0
13,EXP0710,0
8,EXP1539,0
11,GUIDE0231,0
1,EXP1739,0
13,EXP1372,0
19,EXP0155,0
3,EXP0547,0
17,EXP0874,1
5,GUIDE0715,1
20,GUIDE0291,1
8,EXP1417,0
14,TRAV0333,0
4,EXP0509,0
11,EXP1851,1
20,EXP0871,0
15,EXP1874,0
19,EXP0887,0
7,EXP1877,1
19,GUIDE0887,1
19,GUIDE0873,0
11,EXP1376,1
5,EXP0295,0
5,GUIDE0224,0
8,EXP1038,1
10,EXP1192,1
6,TRAV0133,1
15,EXP1128,1
16,GUIDE0856,0
17,TRAV1421,0
8,TRAV1249,1
8,EXP0146,1
9,TRAV0451,0
2,GUIDE0802,0
15,EXP0481,0
18,GUIDE0379,0
3,EXP2173,1
17,EXP1097,1
4,TRAV0989,1
4,TRAV0289,0
14,EXP1560,0
9,EXP1633,1
9,EXP0042,1
18,EXP1259,1
10,TRAV0023,0
4,EXP1522,1
12,EXP2167,0
8,EXP2049,1
2,EXP1322,1
13,EXP2084,1
16,EXP0328,0
2,GUIDE0810,0
11,GUIDE0270,0
10,EXP1799,0
15,EXP2262,0
17,EXP0788,0
8,EXP0974,1
18,GUIDE1438,0
9,EXP0134,1
8,EXP1272,0
14,EXP2087,1
18,EXP0027,1
20,TRAV0542,0
20,EXP0546,1
12,GUIDE1342,0
19,GUIDE0648,0
14,EXP0116,0
17,EXP1014,0
3,GUIDE0894,1
7,EXP1094,0
17,EXP0344,1
12,GUIDE1071,1
9,EXP1452,1
15,EXP0690,0
18,EXP1220,1
13,GUIDE1411,0
8,EXP1578,1
14,EXP0396,0
8,EXP2297,0
14,GUIDE0396,0
7,TRAV0061,0
12,EXP0243,1
11,EXP1371,1
11,GUIDE0746,0
13,EXP2265,1
18,EXP1613,0
2,GUIDE1431,0
15,EXP0224,1
20,TRAV1012,0
18,EXP1873,0
15,EXP1803,0
19,EXP1288,0
12,EXP1608,0
13,EXP1017,1
11,GUIDE0337,1
5,GUIDE1447,1
1,GUIDE1235,0
3,GUIDE1086,0
19,EXP0189,0
7,EXP1556,0
12,TRAV0662,0
15,EXP0798,0
5,EXP0804,1
15,GUIDE0557,0
8,GUIDE0450,1
10,TRAV1457,0
16,TRAV0325,1
8,GUIDE1337,0
1,EXP1508,1
12,EXP0182,1
5,EXP1313,0
3,EXP0224,0
1,EXP1175,1
4,EXP0720,0
8,EXP0143,0
3,GUIDE1350,0
10,EXP0029,1
2,EXP1418,0
11,EXP1554,1
10,TRAV0850,1
14,EXP0529,0
7,GUIDE1488,1
2,EXP2497,0
9,EXP0557,0
16,GUIDE0133,1
13,GUIDE0178,1
9,EXP0780,1
20,TRAV0334,1
4,TRAV0493,1
10,EXP1754,0
12,GUIDE1191,1
17,TRAV0195,0
14,GUIDE0574,0
14,TRAV0811,1
2,TRAV0965,1
20,TRAV0415,1
11,TRAV1385,1
16,TRAV0814,1
19,TRAV1091,0
6,TRAV1447,0
19,EXP2038,0
5,TRAV0994,1
4,GUIDE0756,1
15,GUIDE1163,0
4,EXP0985,1
20,EXP1696,1
10,TRAV0444,1
3,EXP1690,0
5,EXP2299,1
6,EXP2355,0
8,GUIDE1264,1
7,GUIDE1178,1
10,EXP1823,0
6,EXP1659,1
14,TRAV0804,1
4,EXP0419,1
13,EXP0447,0
20,TRAV0302,1
17,EXP1293,1
7,EXP1392,1
4,EXP1907,1
14,TRAV0741,1
3,TRAV1472,0
5,EXP0990,0
16,TRAV0041,1
20,TRAV1312,1
4,TRAV0617,0
2,EXP2105,1
18,TRAV1207,1
19,EXP2245,1
19,EXP0474,1
17,GUIDE1229,1
14,GUIDE1348,1
19,TRAV1479,1
13,EXP1450,1
12,EXP0689,0
6,EXP0143,0
4,TRAV0512,1
19,EXP2229,1
16,GUIDE1392,1
13,GUIDE0783,1
4,EXP1608,0
17,GUIDE1168,0
1,EXP0088,0
18,TRAV0600,0
20,TRAV0552,1
17,EXP0099,1
15,EXP0065,1
11,EXP2248,0
13,TRAV0601,1
1,TRAV0047,1
17,TRAV0470,0
6,EXP1363,0
4,GUIDE0271,0
20,GUIDE1403,0
16,EXP2259,0
15,EXP2227,1
15,TRAV1190,1
6,EXP1144,0
15,EXP1583,1
14,GUIDE0969,1
11,GUIDE0128,1
7,GUIDE0876,1
9,EXP0238,0
16,TRAV1032,1
5,EXP1488,1
20,EXP0440,1
10,EXP2107,0
18,GUIDE0922,1
3,EXP2127,0
13,EXP0283,0
11,EXP1165,0
17,EXP1941,0
13,EXP1637,1
6,EXP1830,0
17,TRAV0577,0
13,EXP2355,0
19,EXP1993,0
19,GUIDE0026,0
10,EXP1507,1
3,EXP1424,0
14,EXP1167,1
19,EXP1688,1
5,EXP1052,0
5,EXP1044,1
20,TRAV0298,1
17,GUIDE0186,1
10,TRAV0443,0
5,EXP2236,0
4,EXP0453,0
6,GUIDE1495,0
4,EXP1378,0
7,EXP0837,0
7,EXP1973,0
18,EXP1100,1
3,EXP2249,1
1,EXP0357,0
4,GUIDE0182,1
6,EXP0247,0
9,TRAV0144,0
14,GUIDE0752,0
12,EXP1681,1
20,TRAV1075,0
4,EXP1616,0
12,TRAV0467,0
10,TRAV0628,0
7,TRAV1168,1
3,GUIDE1344,0
14,TRAV0770,1
10,EXP1959,1
16,TRAV1063,0
16,EXP1761,0
10,EXP2400,1
13,GUIDE0321,1
6,GUIDE0071,1
12,EXP1974,1
9,GUIDE0421,0
13,EXP0549,1
4,GUIDE1156,1
11,TRAV0982,1
20,EXP0927,1
18,GUIDE1099,0
11,EXP0954,0
4,TRAV0402,0
18,TRAV0273,1
1,EXP1444,1
7,EXP2181,0
6,EXP2492,0
15,GUIDE0830,1
18,EXP1908,0
11,TRAV0266,1
20,TRAV0087,1
15,EXP1783,1
16,EXP0629,1
7,TRAV1424,1
10,TRAV0880,1
12,EXP0960,0
14,EXP0788,0
5,EXP1075,0
18,GUIDE1305,1
5,GUIDE0870,0
3,GUIDE0045,1
5,TRAV1317,1
17,EXP1746,1
19,EXP2241,1
19,EXP1585,0
12,TRAV0769,0
9,EXP0575,0
1,GUIDE0854,1
18,EXP1075,0
4,EXP2170,0
10,GUIDE0327,0
7,TRAV1180,1
1,TRAV1437,0
17,TRAV1075,1
2,TRAV0097,0
11,EXP2401,1
9,EXP2273,0
7,GUIDE0942,0
17,EXP1468,0
17,GUIDE0976,1
2,TRAV0030,0
6,TRAV1077,0
14,EXP0756,1
6,EXP2333,1
2,EXP1809,1
1,EXP1709,1
10,GUIDE0142,0
5,EXP0997,0
2,GUIDE0062,1
16,TRAV0673,0
2,EXP0561,1
10,EXP0214,0
2,EXP0144,1
16,TRAV1316,0
16,EXP1581,1
19,GUIDE0716,1
7,GUIDE0989,0
12,GUIDE0354,0
15,GUIDE1440,0
8,EXP0772,1
6,TRAV0382,0
10,EXP1324,1
3,EXP0045,0
19,EXP1032,0
17,EXP0486,1
7,EXP1658,1
20,EXP1687,0
4,TRAV0875,1
14,TRAV1188,1
20,EXP0634,0
15,EXP0165,1
8,GUIDE1357,0
15,GUIDE1316,0
20,EXP2382,1
14,GUIDE0235,0
9,EXP0602,1
8,TRAV0351,0
17,TRAV0070,1
2,EXP0344,1
3,EXP1332,1
8,EXP0074,1
12,EXP0530,1
1,TRAV1295,0
10,GUIDE0913,0
20,EXP1074,1
3,GUIDE0155,0
6,EXP1178,1
7,TRAV1182,1
20,TRAV0355,0
18,EXP0332,0
11,TRAV0481,1
19,TRAV0024,1
5,EXP0434,1
19,GUIDE0378,1
11,GUIDE0876,1
12,EXP1895,1
10,TRAV1320,0
8,GUIDE0680,1
9,EXP0898,1
4,GUIDE0505,0
5,EXP1515,1
8,EXP1193,1
9,EXP1725,0
15,EXP1430,1
15,TRAV1269,0
16,GUIDE0410,1
14,TRAV0486,0
8,EXP1987,0
18,GUIDE0982,0
10,TRAV0452,1
20,GUIDE1098,1
6,GUIDE1068,0
12,GUIDE1387,0
2,EXP0891,1
7,GUIDE0776,1
16,EXP2461,1
3,EXP0528,1
13,EXP0991,1
3,TRAV0061,0
18,GUIDE0618,1
11,EXP0871,0
8,GUIDE1476,1
6,EXP1564,0
1,GUIDE1154,0
1,EXP1587,1
8,TRAV1194,0
5,EXP2411,0
16,GUIDE1132,0
11,TRAV1225,0
5,EXP0708,1
4,EXP0524,0
6,EXP0320,1
14,EXP0742,0
19,EXP1893,1
9,EXP2079,1
12,EXP0920,1
11,EXP0433,0
14,EXP1696,1
16,EXP1412,1
1,EXP1790,0
13,EXP0671,1
13,EXP2112,0
2,EXP1056,0
4,GUIDE0721,1
6,GUIDE0388,0
5,TRAV0248,0
3,TRAV0746,0
1,GUIDE0426,1
4,EXP2340,0
20,EXP1589,0
2,TRAV0049,0
5,GUIDE1406,1
3,EXP1041,0
9,EXP1173,1
20,EXP1957,0
6,EXP1208,1
18,EXP1244,1
6,EXP1070,1
19,EXP1983,0
12,TRAV0566,0
11,GUIDE1373,0
2,EXP0208,1
15,GUIDE0195,0
12,GUIDE0445,0
12,GUIDE0284,1
9,TRAV1210,0
2,EXP0596,0
3,GUIDE0240,1
12,EXP0653,1
16,TRAV0561,0
1,TRAV1345,1
3,EXP2452,0
20,EXP1567,0
2,TRAV1195,0
9,EXP1490,0
19,TRAV1001,0
15,EXP1893,1
18,TRAV1013,1
11,EXP0939,0
16,EXP1760,1
17,TRAV0899,1
5,TRAV0838,0
12,TRAV1026,1
11,EXP1756,1
15,EXP0769,0
3,TRAV0997,0
1,EXP0993,0
20,EXP1565,0
16,EXP2148,0
2,GUIDE1427,0
2,GUIDE0444,0
3,EXP1096,1
8,TRAV0384,0
15,TRAV0286,1
7,GUIDE0223,1
6,EXP1903,0
9,EXP0996,1
20,EXP1520,1
1,TRAV0720,1
8,TRAV0977,0
3,TRAV1195,1
4,EXP1984,1
15,TRAV0529,0
6,EXP2164,1
15,TRAV1455,1
3,TRAV0533,1
14,TRAV0859,1
20,EXP2284,1
14,TRAV0810,0
4,EXP0416,1
12,GUIDE0029,0
17,TRAV0663,1
7,EXP2025,0
9,TRAV0431,0
3,GUIDE1298,0
13,TRAV0165,1
15,EXP0366,1
18,EXP1717,1
19,EXP0111,1
1,GUIDE1195,1
6,EXP1393,0
2,EXP2045,0
14,EXP1303,0
6,EXP0826,1
14,TRAV1282,1
4,EXP1845,0
8,EXP1449,1
3,EXP2036,1
19,TRAV1194,0
14,EXP0035,0
20,GUIDE0715,1
17,EXP2458,1
8,GUIDE0053,0
14,GUIDE1244,1
6,GUIDE1044,0
16,EXP0852,0
19,TRAV0794,0
14,TRAV1262,1
19,EXP1523,0
3,EXP0688,0
10,EXP0155,1
19,EXP1870,0
9,GUIDE0826,1
20,EXP1554,1
13,EXP1809,1
7,TRAV0703,0
14,EXP1803,0
9,TRAV0041,1
19,TRAV1425,1
15,EXP2162,1
20,EXP1675,0
14,TRAV1441,1
6,EXP0478,1
4,GUIDE0936,1
8,EXP2044,0
17,GUIDE0065,1
9,EXP2258,0
1,EXP1177,0
20,TRAV1055,1
14,EXP2396,1
11,TRAV0499,1
3,EXP2008,0
9,TRAV0213,0
14,EXP1312,0
9,EXP2165,1
4,EXP1917,0
4,EXP2041,1
8,EXP0751,1
2,EXP1005,1
9,EXP2055,0
14,TRAV1207,0
9,TRAV0541,0
16,TRAV0349,1
17,TRAV0333,0
16,EXP0073,0
12,GUIDE0913,1
3,EXP1633,1
11,EXP0631,0
14,TRAV0470,1
18,EXP0929,0
5,EXP1967,1
16,EXP2057,1
20,GUIDE1154,0
5,EXP0439,1
3,TRAV0025,1
12,GUIDE0100,1
1,EXP1797,0
9,GUIDE1355,1
9,EXP1009,1
4,GUIDE0268,0
3,GUIDE1491,0
17,EXP0948,1
2,GUIDE0759,1
1,GUIDE0244,1
8,EXP2318,0
13,EXP0226,1
15,TRAV0074,0
8,GUIDE0551,0
12,TRAV0087,1
12,GUIDE0653,1
14,EXP1017,0
15,EXP1908,1
15,GUIDE0250,1
9,TRAV0442,0
19,TRAV1035,1
20,EXP0422,0
8,GUIDE0900,1
19,TRAV0510,0
6,GUIDE0656,0
20,GUIDE1330,1
19,EXP1938,0
4,TRAV0293,0
7,TRAV0267,1
4,GUIDE0525,1
12,GUIDE0356,1
13,GUIDE0578,0
3,EXP0177,0
12,GUIDE0353,0
2,EXP1516,1
2,EXP0508,0
9,EXP1799,0
1,EXP0999,1
8,GUIDE0527,0
6,EXP0970,1
6,EXP0101,1
18,GUIDE0912,1
17,EXP0277,0
12,EXP1031,0
6,EXP0148,0
8,TRAV0558,1
19,EXP1756,1
10,EXP0255,1
1,EXP0869,0
13,EXP0338,0
17,TRAV0208,0
3,TRAV1407,0
8,TRAV0364,0
14,TRAV0935,1
3,GUIDE1302,0
16,GUIDE0585,1
13,EXP0083,1
20,GUIDE1046,0
17,EXP2380,1
13,EXP1670,0
6,GUIDE0324,0
17,EXP1635,1
14,EXP0539,0
17,EXP2416,0
8,EXP0355,1
11,TRAV1306,1
20,EXP0408,1
1,EXP0610,1
7,TRAV1044,1
17,GUIDE0447,1
10,GUIDE1019,0
11,EXP1856,0
9,TRAV0957,0
9,GUIDE1217,1
5,TRAV1362,0
17,TRAV0289,1
9,EXP1712,0
17,EXP1558,1
19,EXP2380,0
7,GUIDE1162,1
9,TRAV0082,1
7,GUIDE0605,1
13,TRAV0481,1
11,EXP0902,0
14,EXP2063,0
19,EXP0639,1
11,EXP1527,1
13,GUIDE1299,1
14,GUIDE0821,0
13,EXP0397,1
1,TRAV0672,1
8,GUIDE0436,0
12,GUIDE0141,1
19,GUIDE0778,1
12,EXP0291,0
8,EXP0149,1
8,EXP0720,1
13,EXP0920,0
12,TRAV1135,1
16,GUIDE1169,0
1,EXP1460,1
13,TRAV0007,1
7,EXP0372,1
5,TRAV1045,1
8,EXP1646,1
14,EXP1391,0
13,EXP1396,1
15,GUIDE0975,1
17,GUIDE0537,0
15,GUIDE0639,0
20,EXP1152,1
18,TRAV1084,0
18,EXP2059,1
2,EXP0087,0
4,TRAV1442,0
1,EXP1501,1
4,GUIDE1036,0
18,GUIDE1307,1
5,EXP1217,0
19,TRAV0599,0
15,EXP2143,0
8,EXP0129,1
20,EXP0392,1
17,EXP2173,0
1,TRAV0739,1
12,GUIDE0561,1
19,TRAV0388,1
15,TRAV0365,0
9,EXP2049,1
7,TRAV1157,0
2,EXP1212,0
9,TRAV0938,0
10,GUIDE1317,0
2,GUIDE0407,0
19,TRAV1182,1
11,GUIDE0149,1
13,EXP0992,0
10,GUIDE0909,1
14,GUIDE1395,1
18,EXP1998,1
19,GUIDE0060,1
9,GUIDE1436,1
7,TRAV0619,1
3,GUIDE0540,1
20,EXP2000,0
6,TRAV0586,0
2,GUIDE0177,0
6,EXP0596,1
3,GUIDE0309,1
16,EXP1469,0
8,EXP0979,1
2,TRAV0395,1
17,EXP1721,0
9,GUIDE1071,0
12,TRAV1340,0
3,TRAV0828,1
11,EXP0655,1
1,TRAV0122,1
13,EXP0259,0
15,GUIDE0973,0
5,TRAV0339,1
17,EXP0398,0
6,EXP1090,0
11,EXP1317,1
18,TRAV0257,0
4,EXP0259,0
3,EXP0778,0
13,EXP0393,1
9,EXP0028,1
6,EXP1385,0
12,TRAV1193,1
2,TRAV0695,1
3,EXP0493,1
3,EXP0921,0
12,EXP2266,1
15,TRAV1193,0
9,TRAV0956,0
8,GUIDE0935,1
11,EXP0069,0
16,GUIDE0335,1
4,EXP2301,1
1,GUIDE0947,0
7,EXP2313,0
2,TRAV0690,1
5,TRAV0680,1
7,GUIDE1314,1
4,GUIDE1223,1
5,EXP1782,0
1,EXP0248,0
1,TRAV0848,0
15,EXP1132,1
20,GUIDE1347,0
19,GUIDE1019,0
10,TRAV0445,0
18,EXP0667,0
3,EXP0754,1
11,GUIDE1440,0
15,TRAV1192,0
11,EXP1445,0
17,EXP0435,0
17,TRAV1080,1
6,TRAV0703,1
5,EXP1391,0
8,GUIDE0799,1
2,EXP1090,1
16,TRAV0992,1
20,EXP0152,1
12,GUIDE1154,0
6,EXP2182,1
1,GUIDE1248,1
4,GUIDE0239,0
17,GUIDE1368,0
13,EXP1267,0
18,GUIDE0314,0
5,EXP0495,1
3,EXP1097,0
11,EXP0313,1
13,GUIDE0859,1
4,EXP1044,0
14,GUIDE1388,0
11,EXP1601,1
10,GUIDE0982,1
19,TRAV1489,0
18,GUIDE0905,0
6,GUIDE0510,0
15,TRAV0268,1
10,EXP0888,1
5,EXP1379,0
5,GUIDE0104,1
10,EXP1147,0
5,TRAV1352,1
3,TRAV0464,1
6,TRAV0569,0
4,EXP0802,0
18,EXP1283,0
9,EXP2379,1
17,TRAV1358,1
13,EXP0442,0
15,EXP1772,1
20,TRAV0719,0
17,EXP1421,1
13,EXP0035,0
16,EXP0195,1
4,EXP2065,1
5,EXP0115,1
5,GUIDE1211,1
9,TRAV0417,0
17,TRAV1284,1
13,TRAV1187,0
2,EXP1523,0
13,EXP0438,0
19,GUIDE0092,0
3,EXP1216,1
10,EXP2477,0
2,GUIDE0214,1
13,GUIDE0439,1
19,EXP0215,1
17,GUIDE0023,1
14,TRAV0473,0
12,GUIDE0096,1
12,EXP1045,0
11,EXP1908,1
7,EXP0800,1
4,EXP0204,0
19,TRAV0549,1
1,GUIDE1226,1
3,GUIDE0861,1
13,GUIDE1323,1
15,EXP0663,1
2,EXP2155,0
11,TRAV0782,1
4,GUIDE1282,1
19,EXP1074,0
17,EXP1841,1
3,GUIDE0702,0
18,EXP0083,1
8,EXP1783,1
19,GUIDE0039,0
5,GUIDE0130,1
7,EXP0599,1
8,TRAV0809,0
5,EXP0179,0
17,GUIDE1180,1
5,EXP1439,0
4,GUIDE1344,1
19,GUIDE1466,0
2,GUIDE0531,1
11,EXP0758,0
13,GUIDE1456,0
15,TRAV0986,0
12,TRAV1213,0
11,EXP0156,0
7,TRAV0899,0
5,TRAV1460,0
17,EXP1463,0
20,GUIDE1356,0
9,GUIDE0379,1
14,EXP1103,0
12,EXP1869,1
6,GUIDE0717,0
17,GUIDE1163,1
19,EXP0611,1
19,TRAV0922,0
16,TRAV1168,0
12,EXP0274,1
12,EXP2372,1
20,EXP0570,0
6,EXP1936,0
4,EXP1231,0
6,TRAV1144,1
11,EXP1811,0
1,GUIDE1254,0
15,GUIDE0621,0
11,GUIDE0514,0
19,EXP0960,0
18,EXP0620,1
17,EXP0411,1
19,TRAV1316,0
14,TRAV0443,0
18,GUIDE1406,1
19,TRAV1126,0
15,EXP1336,1
15,TRAV0585,0
4,EXP1136,1
7,TRAV0712,1
13,EXP0592,0
3,GUIDE0657,1
16,EXP1463,0
9,EXP0803,1
8,TRAV0447,0
20,EXP1392,0
13,EXP2438,0
17,GUIDE1233,1
17,EXP1053,0
17,GUIDE1349,0
1,GUIDE1365,0
8,EXP0854,1
19,EXP1554,0
6,EXP2209,1
3,TRAV0885,1
5,GUIDE0701,1
13,EXP2203,0
15,TRAV0662,0
14,EXP1824,1
16,GUIDE1477,0
18,GUIDE1439,0
11,EXP0848,1
3,EXP1986,1
10,GUIDE0464,0
10,TRAV0905,1
16,TRAV0018,0
12,EXP0644,1
2,TRAV0070,0
9,GUIDE0730,0
3,EXP1874,1
15,EXP0172,0
3,EXP0946,0
19,TRAV1366,1
18,EXP0181,0
8,TRAV0782,0
17,TRAV0154,0
8,EXP0179,1
7,EXP0067,1
7,EXP1313,1
3,EXP0760,1
1,TRAV0228,1
4,EXP1297,0
5,EXP1549,0
1,TRAV1441,0
15,EXP1866,1
5,TRAV0393,0
13,EXP0307,1
8,GUIDE0486,0
8,GUIDE0551,1
5,TRAV0074,0
9,EXP2495,0
1,TRAV0072,1
4,GUIDE1066,0
3,EXP0969,0
2,TRAV1184,1
8,EXP0371,0
9,GUIDE0597,0
2,GUIDE1152,1
14,GUIDE0567,1
14,EXP1829,1
4,GUIDE1468,1
6,EXP2156,1
11,EXP1270,0
3,GUIDE0380,1
8,GUIDE0822,1
3,EXP2281,0
14,TRAV0989,0
13,EXP1613,0
13,EXP0628,0
2,GUIDE0872,0
13,GUIDE0979,1
19,EXP0588,0
6,EXP2265,1
16,EXP0814,0
2,EXP1986,1
8,EXP0066,0
17,EXP1006,1
2,TRAV0417,1
10,EXP1092,1
16,TRAV0498,1
6,GUIDE1173,1
2,TRAV0601,1
2,EXP0531,1
13,GUIDE0975,1
15,GUIDE1350,1
2,TRAV0568,1
7,TRAV0564,0
3,GUIDE0858,1
8,TRAV0306,1
14,EXP2058,0
7,EXP2062,1
7,GUIDE0556,1
1,EXP0414,0
17,EXP1208,0
9,GUIDE0415,1
13,EXP2057,0
19,EXP2386,1
19,EXP1562,1
17,EXP0029,1
10,EXP0220,0
10,EXP1891,1
4,EXP0130,1
8,EXP2391,0
20,EXP1791,1
20,EXP0060,1
18,TRAV1480,1
14,GUIDE1162,1
18,EXP0365,1
14,EXP2080,1
20,TRAV0630,0
15,TRAV0434,1
4,EXP1870,1
13,EXP0251,0
8,TRAV0184,1
18,GUIDE0940,1
12,EXP1833,0
14,EXP2004,0
2,EXP1643,0
18,TRAV0260,0
2,EXP0930,0
11,EXP1508,0
9,GUIDE0094,0
12,EXP1484,1
17,EXP0259,1
15,EXP1466,1
17,TRAV0781,0
18,TRAV0393,1
6,GUIDE0638,0
17,GUIDE1254,1
18,EXP0153,1
8,TRAV1107,1
9,TRAV0234,1
6,GUIDE0317,0
5,TRAV0837,0
12,TRAV0464,1
11,GUIDE0803,0
1,GUIDE0950,0
11,GUIDE1128,1
19,EXP0755,0
9,EXP2332,0
2,GUIDE1216,0
12,EXP1566,0
4,EXP1555,1
4,EXP1809,1
18,EXP1274,0
15,GUIDE1486,1
19,EXP1078,1
13,TRAV0391,1
19,TRAV0203,0
17,EXP0439,0
6,GUIDE0367,1
16,GUIDE0712,1
12,EXP1452,0
19,TRAV1079,1
5,TRAV1182,0
17,EXP1239,1
1,TRAV1104,0
10,TRAV0785,0
15,EXP0874,0
11,EXP2247,0
13,EXP1965,1
5,TRAV0826,0
1,EXP1980,1
12,GUIDE0396,0
11,EXP2096,0
17,TRAV0387,1
4,EXP2132,1
15,TRAV0073,1
9,EXP0978,0
20,GUIDE1354,0
19,EXP2273,1
19,TRAV1098,0
12,GUIDE1227,1
5,EXP0281,0
10,EXP0536,0
17,TRAV0244,0
5,EXP1134,1
16,EXP0919,0
7,EXP0806,1
9,EXP1564,1
3,GUIDE1279,0
15,EXP0315,1
16,GUIDE0555,1
18,GUIDE0088,0
14,TRAV0475,1
3,GUIDE1243,1
12,GUIDE1313,0
9,GUIDE0165,0
7,TRAV0698,0
9,TRAV0521,1
13,EXP2077,1
18,EXP2295,0
5,GUIDE1182,1
13,TRAV0805,0
4,TRAV0538,0
2,EXP0820,0
16,TRAV0736,1
9,EXP0025,1
9,EXP0732,0
6,GUIDE0083,0
11,EXP2427,1
1,GUIDE1438,0
4,EXP2264,1
13,EXP2321,0
13,TRAV1165,0
13,TRAV0259,1
2,GUIDE1254,1
9,EXP1925,1
8,EXP0516,1
7,EXP0237,1
4,GUIDE0789,0
18,GUIDE0236,0
3,GUIDE0702,1
6,EXP1271,1
12,GUIDE1154,0
12,TRAV0737,0
8,EXP0886,1
1,GUIDE0612,1
4,GUIDE0790,0
11,GUIDE1334,1
3,GUIDE0639,0
13,EXP1343,0
17,EXP1145,1
10,EXP2432,0
12,EXP1296,0
15,EXP0678,0
10,GUIDE0706,1
14,GUIDE0664,0
13,TRAV0203,1
5,TRAV0691,0
6,TRAV1449,0
2,TRAV0653,0
17,EXP1042,0
4,GUIDE0849,0
14,GUIDE0623,1
10,TRAV0680,1
3,EXP0920,0
3,TRAV1113,1
15,EXP1096,1
6,EXP0842,0
17,EXP0936,1
12,GUIDE0748,1
20,TRAV0384,1
11,EXP0326,1
4,EXP2351,0
6,TRAV0122,1
1,EXP0770,0
20,TRAV1318,0
16,EXP0588,1
15,EXP0943,0
17,EXP0387,1
8,EXP1240,0
12,EXP1490,1
10,TRAV0540,1
15,EXP1990,0
9,TRAV1297,1
2,TRAV1245,1
5,EXP1927,1
6,EXP0117,1
7,EXP0866,0
1,GUIDE1055,0
7,EXP1768,0
20,EXP2373,1
12,EXP1165,0
16,GUIDE0113,1
16,EXP0941,1
11,EXP0491,1
4,EXP2254,0
13,EXP1216,0
7,TRAV0983,0
4,EXP0525,0
15,GUIDE1479,1
19,EXP0172,0
9,TRAV0420,0
11,GUIDE0709,0
8,EXP0238,0
1,GUIDE1078,1
8,GUIDE1300,0
13,EXP1862,0
4,EXP1411,0
8,EXP2301,1
3,EXP2195,0
9,GUIDE0512,0
2,TRAV1495,0
2,TRAV1346,1
13,EXP0230,1
15,TRAV1399,0
12,EXP0792,0
4,TRAV0257,1
8,EXP0843,1
9,EXP1303,1
5,EXP1504,1
20,EXP0191,1
18,TRAV0012,0
11,GUIDE0657,0
15,EXP0728,0
9,EXP1478,0
17,GUIDE0466,1
12,EXP0085,1
7,GUIDE0372,1
10,GUIDE0710,1
10,EXP0753,1
13,EXP0923,0
19,GUIDE1232,0
11,EXP0257,0
13,GUIDE0056,0
8,GUIDE1261,0
8,EXP0052,1
4,EXP2095,1
15,EXP0538,1
11,EXP0310,1
11,TRAV0237,1
1,GUIDE1482,0
17,TRAV1234,0
15,TRAV0353,0
20,EXP1024,1
6,EXP0480,1
15,GUIDE1386,1
9,EXP1511,1
14,TRAV0342,0
18,EXP0060,1
17,EXP0649,0
18,EXP0345,1
5,GUIDE1065,0
20,EXP0921,1
20,TRAV0327,1
9,TRAV1111,0
11,TRAV0324,0
1,TRAV0761,1
18,GUIDE1343,0
6,EXP1354,1
2,EXP1717,1
15,TRAV1277,0
14,EXP0801,1
5,EXP0655,1
6,EXP0706,0
6,EXP1099,1
18,EXP2280,1
14,TRAV1439,1
10,TRAV1121,1
14,TRAV0633,0
13,EXP0670,0
3,EXP1522,0
6,GUIDE1117,1
8,TRAV0311,0
12,TRAV1293,0
13,EXP2362,0
11,EXP1918,1
12,EXP1577,0
1,TRAV0543,0
17,TRAV0312,1
16,TRAV0379,1
11,EXP0562,1
13,GUIDE1334,1
18,EXP2257,1
11,EXP1130,1
12,TRAV1147,0
6,EXP0297,0
9,GUIDE0687,1
16,TRAV1299,1
4,TRAV1076,0
3,EXP2049,1
16,GUIDE0558,1
12,EXP2244,0
11,GUIDE0968,1
5,EXP1465,1
18,TRAV0790,0
19,TRAV0624,0
6,TRAV0578,0
18,EXP1755,0
6,TRAV0834,0
4,EXP1608,1
12,EXP0299,1
19,TRAV1380,1
2,GUIDE1093,1
17,TRAV0083,1
11,EXP1734,0
11,EXP0351,1
16,GUIDE1104,1
2,TRAV1101,1
2,EXP1451,1
8,EXP1553,1
13,EXP2224,0
10,GUIDE1143,1
8,TRAV1181,1
4,GUIDE0477,1
15,EXP0608,1
1,TRAV0996,1
11,GUIDE1170,1
7,GUIDE1396,0
17,GUIDE1383,1
20,EXP0970,0
18,GUIDE0265,0
12,EXP2471,1
9,EXP0041,1
5,EXP1744,1
10,TRAV0711,0
4,EXP0679,1
5,GUIDE0700,1
10,EXP1467,1
11,GUIDE0455,0
10,GUIDE1221,0
8,EXP0994,1
2,EXP1114,0
8,TRAV0974,1
16,EXP0325,0
5,EXP2054,1
3,EXP2342,0
12,GUIDE1466,1
13,EXP1768,1
13,TRAV0009,0
10,GUIDE1239,0
4,GUIDE0202,0
9,EXP0377,0
2,EXP1848,0
19,EXP1050,1
1,EXP0990,1
7,TRAV0795,0
17,EXP0641,1
3,EXP2304,1
20,GUIDE0706,0
20,EXP1421,1
3,EXP1031,1
3,EXP1535,0
17,EXP1081,0
7,TRAV1083,1
14,EXP2088,0
17,EXP2236,1
18,GUIDE0716,0
13,TRAV0111,0
20,TRAV1330,0
20,GUIDE0918,0
18,EXP0135,1
4,EXP0921,0
1,GUIDE0223,0
18,TRAV0874,1
1,TRAV0664,1
13,GUIDE1210,1
20,TRAV1105,1
20,EXP0062,0
10,EXP0942,1
11,GUIDE0753,0
9,EXP0163,1
9,EXP2308,0
5,EXP0313,1
1,EXP2373,0
17,TRAV0060,0
2,EXP1752,1
13,GUIDE0849,0
9,TRAV1041,0
4,GUIDE0919,0
5,EXP1973,0
11,EXP0594,1
19,GUIDE1224,0
3,GUIDE0402,0
12,GUIDE0827,1
19,EXP2171,1
19,TRAV1272,1
13,EXP0950,0
7,EXP0977,0
15,TRAV1047,1
7,EXP0546,0
8,GUIDE1310,1
5,EXP2335,0
14,EXP0825,1
4,GUIDE0133,0
10,GUIDE0396,1
20,GUIDE1046,0
15,TRAV0663,1
18,GUIDE1260,0
20,TRAV0661,0
13,EXP0728,0
8,EXP0667,1
9,EXP2120,0
16,EXP0421,0
19,TRAV1086,0
16,TRAV0063,1
7,EXP1546,0
14,EXP1658,1
14,TRAV0889,0
4,EXP1533,1
15,EXP1367,1
3,TRAV0898,0
5,EXP2174,1
1,EXP0383,1
3,EXP0058,0
15,GUIDE0233,1
8,EXP2340,1
4,EXP0960,1
2,EXP0226,1
10,GUIDE1070,0
4,EXP2136,1
3,GUIDE1309,1
2,EXP1448,0
17,GUIDE1103,0
20,EXP0112,1
13,EXP0229,0
5,EXP0126,0
9,EXP0916,0
6,TRAV0046,0
5,EXP1103,0
10,EXP0358,0
8,TRAV0836,0
7,GUIDE0668,0
7,GUIDE1067,0
6,GUIDE0164,1
20,GUIDE0696,1
3,GUIDE1130,1
19,EXP2296,1
15,EXP1129,1
4,EXP1476,0
12,EXP2441,0
6,TRAV1452,1
19,TRAV0746,1
4,GUIDE1367,0
15,GUIDE1476,1
9,TRAV0730,0
5,GUIDE1300,1
13,GUIDE0651,0
18,TRAV0768,1
5,GUIDE0540,0
16,GUIDE0890,1
19,TRAV0461,1
14,EXP0844,0
16,EXP0850,0
15,EXP0862,1
4,TRAV0631,1
7,EXP0119,0
16,GUIDE1264,0
8,EXP0177,0
17,EXP0843,1
16,TRAV0891,1
10,TRAV0518,0
10,TRAV0139,1
2,GUIDE1485,1
9,GUIDE0242,0
17,EXP0212,1
11,TRAV0486,0
10,GUIDE0053,0
17,EXP1821,1
4,TRAV0897,1
16,EXP2356,0
20,TRAV1460,0
15,EXP1106,0
5,EXP0502,1
6,EXP1125,0
17,EXP2306,0
1,EXP2022,0
19,TRAV1072,0
4,EXP0768,1
17,EXP0379,1
9,GUIDE0320,0
2,GUIDE1125,1
8,EXP0954,1
15,GUIDE0213,1
7,EXP0076,0
6,GUIDE1097,1
1,GUIDE1005,1
15,EXP0491,0
7,EXP1814,0
17,EXP1075,1
2,GUIDE0560,1
9,TRAV0342,0
9,GUIDE0464,0
13,GUIDE1232,0
6,GUIDE1010,0
6,GUIDE0161,1
20,TRAV0677,0
20,EXP2438,1
3,GUIDE0692,1
17,EXP0421,1
17,EXP0551,0
12,EXP0673,0
16,EXP1744,1
15,TRAV0710,1
13,EXP0640,1
1,EXP0520,1
17,GUIDE1103,1
3,EXP0785,0
15,EXP2064,0
4,TRAV0776,0
4,EXP2483,1
18,TRAV0853,1
17,TRAV0735,0
19,TRAV0467,0
11,EXP0693,1
20,GUIDE1354,0
3,EXP1249,0
8,GUIDE1180,0
14,EXP0589,1
1,EXP0018,1
14,EXP2119,0
2,EXP0169,1
4,EXP0993,0
19,EXP1638,0
6,TRAV0814,1
1,GUIDE0056,1
17,EXP0154,1
8,EXP1933,0
19,GUIDE1479,0
1,GUIDE1204,0
5,EXP2284,1
16,EXP2254,0
6,GUIDE0147,0
8,EXP1133,0
13,EXP0123,0
16,TRAV0017,1
3,EXP1979,1
19,GUIDE0226,1
12,TRAV1380,0
16,EXP1636,0
11,EXP0352,0
10,GUIDE0509,1
20,EXP1629,1
4,GUIDE0311,1
12,GUIDE1106,1
2,TRAV0004,1
19,EXP0656,0
5,TRAV0988,1
8,TRAV1257,1
7,EXP0381,1
14,TRAV1197,0
3,EXP0066,1
18,EXP2046,1
16,EXP1093,1
19,GUIDE0870,0
19,TRAV0204,0
18,TRAV0583,1
20,EXP0314,1
16,TRAV0010,1
8,GUIDE0146,1
1,TRAV0195,0
17,TRAV1245,1
12,EXP2252,0
11,GUIDE1163,1
5,EXP0955,0
12,TRAV1302,0
17,TRAV0575,1
6,TRAV0528,0
1,EXP1561,1
5,EXP1236,0
14,EXP1552,0
5,EXP1380,1
1,TRAV1293,1
18,EXP1994,0
16,EXP1504,0
9,TRAV0239,1
19,GUIDE0448,1
5,TRAV1289,1
2,EXP1063,0
15,EXP1848,1
7,EXP0874,1
4,TRAV0278,0
1,EXP2498,1
13,TRAV0940,1
20,TRAV1482,1
7,GUIDE0233,1
15,TRAV0573,0
14,EXP1978,1
19,GUIDE1418,1
20,TRAV0313,1
18,EXP2040,1
10,GUIDE1162,1
9,GUIDE0798,1
8,GUIDE1153,0
10,EXP1095,0
17,EXP2315,0
2,EXP0616,1
6,EXP1034,1
5,EXP1408,1
9,EXP0710,0
5,EXP1816,1
18,EXP1138,0
20,TRAV0965,1
9,TRAV0731,1
17,EXP2041,0
17,EXP1918,0
12,EXP0637,0
7,EXP2284,0
3,TRAV1066,0
10,GUIDE1326,0
2,GUIDE0289,1
3,EXP0068,0
16,GUIDE0350,1
2,EXP0255,1
10,EXP0157,1
6,TRAV1290,1
11,TRAV0009,1
7,TRAV0123,0
15,EXP0031,0
6,GUIDE0213,0
20,EXP1849,1
9,EXP0366,0
20,EXP1960,1
12,EXP0682,1
19,TRAV1125,1
20,EXP1837,1
3,EXP1159,0
15,EXP1655,0
2,EXP0889,0
2,TRAV0258,0
3,TRAV1128,0
6,TRAV0825,1
15,EXP1270,0
10,TRAV0722,1
9,TRAV0590,1
1,TRAV1223,1
16,TRAV0926,0
6,GUIDE1030,1
9,TRAV0844,1
4,EXP0412,0
2,EXP1270,1
4,EXP2252,1
1,TRAV0833,1
19,EXP0892,0
10,EXP2080,1
15,GUIDE0415,1
19,GUIDE0415,0
16,GUIDE0558,0
4,TRAV0456,1
2,TRAV0728,0
13,TRAV0798,0
1,GUIDE0382,0
17,GUIDE0022,0
13,TRAV1411,0
4,TRAV0700,0
7,TRAV1410,0
17,EXP0643,1
9,TRAV0089,0
4,EXP0622,0
19,EXP0772,0
1,TRAV0689,1
10,TRAV1277,0
4,TRAV0925,0
9,TRAV1404,1
13,EXP1194,0
14,GUIDE1133,1
10,EXP2065,1
6,TRAV0711,0
16,EXP1360,1
6,EXP0546,0
17,EXP0105,0
10,TRAV1451,1
18,TRAV1097,1
18,EXP1899,0
3,GUIDE1487,0
20,EXP0433,1
15,GUIDE1393,0
15,EXP2308,0
4,TRAV0849,0
9,EXP0049,1
19,EXP2130,0
17,TRAV0698,0
11,EXP2181,0
9,EXP0682,1
10,EXP1492,1
18,TRAV0242,1
20,TRAV0076,0
13,EXP2226,1
8,EXP0070,0
7,TRAV1170,1
17,GUIDE1331,0
15,EXP0958,1
20,EXP0101,0
15,EXP1192,0
1,TRAV1092,1
14,TRAV1083,0
5,EXP2105,1
11,TRAV1451,1
16,GUIDE1450,0
2,GUIDE0394,0
8,EXP1455,1
11,EXP0201,1
18,EXP0880,1
3,EXP1937,0
1,GUIDE0456,1
11,EXP0398,0
16,GUIDE0521,0
18,EXP1099,1
16,GUIDE0561,1
10,GUIDE0634,0
18,GUIDE0321,0
6,EXP2202,0
19,EXP1756,0
4,EXP2444,1
13,EXP0846,0
14,GUIDE1160,1
3,TRAV0320,1
10,EXP1909,1
6,GUIDE0438,0
1,GUIDE0601,0
14,EXP2077,1
8,GUIDE0466,1
19,GUIDE0738,1
14,GUIDE1451,1
10,GUIDE0881,0
17,GUIDE1230,1
9,EXP1017,0
6,EXP0280,0
11,TRAV1005,0
7,TRAV0769,0
17,TRAV0986,1
1,EXP2470,0
5,EXP1302,1
9,GUIDE0169,0
18,EXP0566,1
2,EXP0900,1
11,GUIDE0589,1
6,GUIDE0340,1
8,EXP1705,1
4,GUIDE0085,0
18,GUIDE0177,1
11,GUIDE1182,0
5,EXP1565,1
15,TRAV1150,0
18,EXP1621,0
2,EXP0260,0
11,EXP0255,1
13,EXP0995,0
4,EXP1512,1
7,GUIDE0340,1
11,GUIDE1078,0
4,EXP1465,0
15,EXP2295,1
1,TRAV0025,1
3,GUIDE0084,1
14,GUIDE0137,1
6,EXP0276,1
18,EXP2259,1
1,GUIDE1429,0
6,EXP0834,1
6,EXP0321,1
16,GUIDE0020,0
5,EXP1546,0
17,GUIDE1484,0
10,TRAV1149,1
18,GUIDE0205,0
7,EXP1481,0
3,EXP0740,1
13,GUIDE0869,1
15,GUIDE0957,1
20,TRAV1441,1
19,GUIDE1262,0
3,GUIDE0967,1
4,EXP1914,0
5,EXP2209,1
1,EXP0685,0
4,EXP1307,1
12,TRAV0649,1
10,TRAV0579,1
20,GUIDE0234,0
13,EXP0787,0
14,TRAV0176,0
5,TRAV0420,1
4,EXP0702,0
14,EXP1182,1
10,GUIDE0113,1
17,EXP0791,1
10,EXP2322,0
7,TRAV0205,1
16,EXP0106,0
1,GUIDE0277,1
17,GUIDE0392,1
9,GUIDE1031,1
6,GUIDE0798,0
19,EXP2374,0
13,TRAV0940,1
3,EXP1216,0
7,EXP2489,0
9,EXP0582,1
5,EXP0171,1
10,TRAV1349,0
17,TRAV0799,1
12,EXP0517,1
16,TRAV1010,0
3,TRAV0865,0
9,EXP1098,1
15,GUIDE1357,0
5,EXP0578,0
13,EXP0820,1
14,GUIDE1398,1
20,TRAV1072,1
15,GUIDE0878,1
16,TRAV1363,0
13,EXP0313,0
17,TRAV0307,1
8,TRAV0634,1
2,EXP2003,1
5,TRAV0364,1
6,GUIDE0666,0
12,GUIDE0634,0
18,GUIDE0075,1
1,EXP0657,1
17,EXP0816,0
11,EXP1462,0
10,GUIDE0376,0
19,TRAV0466,0
14,EXP1868,1
10,EXP1048,0
15,TRAV0467,0
19,GUIDE1160,0
4,EXP0454,1
2,EXP0676,1
9,EXP0209,0
10,EXP1470,0
11,TRAV0473,1
14,EXP1472,1
7,GUIDE0835,0
15,EXP0029,1
19,GUIDE0210,0
15,GUIDE0064,1
8,GUIDE0345,0
11,EXP0938,0
9,EXP2021,1
15,GUIDE0839,0
1,TRAV0272,1
1,EXP1169,1
19,TRAV1038,1
3,TRAV1363,0
10,EXP1224,0
8,TRAV1094,0
15,TRAV0147,1
10,EXP0169,0
1,EXP1161,0
18,EXP0836,0
2,EXP1736,0
19,EXP2314,1
13,TRAV1015,0
1,EXP2160,1
2,GUIDE1294,1
16,EXP0904,1
15,EXP1222,1
13,EXP1270,0
16,TRAV0326,0
17,EXP0427,0
7,TRAV1369,1
17,EXP0542,0
7,TRAV0993,1
13,EXP2464,0
5,EXP0384,0
17,TRAV1085,0
3,EXP2134,1
7,TRAV0476,0
17,TRAV0374,1
7,TRAV1207,1
1,TRAV0911,1
17,GUIDE0743,0
17,TRAV0456,0
11,EXP1566,1
3,EXP0245,1
15,TRAV0991,1
11,TRAV0964,1
16,EXP0804,1
9,EXP1745,0
1,EXP0323,0
16,EXP2202,0
9,TRAV0376,1
19,EXP1882,1
12,EXP1279,0
19,EXP1179,0
9,TRAV0591,1
7,EXP1207,1
14,GUIDE0482,1
19,EXP0304,0
19,TRAV1171,1
2,EXP1396,1
9,EXP2060,1
13,EXP0580,0
15,EXP2358,1
3,EXP2182,0
11,EXP0092,1
14,EXP1463,1
8,EXP1438,0
18,EXP1322,1
19,GUIDE0118,0
16,TRAV1478,1
2,EXP0542,0
8,EXP0825,1
6,EXP1466,0
12,GUIDE0900,0
15,EXP2369,1
8,GUIDE0315,0
4,EXP1873,1
15,EXP0819,0
20,TRAV0672,1
17,TRAV0492,1
13,EXP1036,1
18,EXP2262,1
2,EXP2495,0
13,GUIDE0997,1
13,TRAV0073,1
15,EXP2476,1
20,GUIDE0735,1
10,GUIDE1418,1
3,EXP1578,0
19,EXP0129,1
3,EXP1485,0
14,EXP1712,0
8,GUIDE0706,1
4,EXP0549,1
20,EXP1461,0
11,TRAV0271,0
11,EXP1217,0
11,TRAV0427,1
2,GUIDE0594,0
17,EXP0868,0
9,TRAV0687,1
2,GUIDE0833,0
15,EXP0244,1
16,EXP2371,0
4,EXP1318,1
8,TRAV0884,0
9,EXP1102,1
5,GUIDE1215,1
16,EXP0258,0
13,TRAV0919,1
7,EXP0309,0
20,GUIDE0016,1
17,EXP0378,1
3,EXP1122,1
5,EXP1970,1
19,EXP1542,1
12,EXP0983,1
7,EXP2104,1
9,TRAV0972,0
6,EXP1580,0
17,TRAV1046,1
16,EXP1575,1
3,TRAV0961,1
4,TRAV1021,0
10,GUIDE0357,1
5,TRAV0916,0
10,GUIDE0487,1
12,EXP0718,1
10,EXP0707,1
13,EXP1855,1
11,EXP0835,1
16,TRAV0257,0
8,EXP0376,1
8,TRAV0285,0
8,EXP0338,0
13,GUIDE1417,1
2,EXP1032,1
12,EXP1018,1
10,TRAV1195,0
12,EXP1923,0
11,EXP2264,0
15,EXP1099,1
16,EXP0773,0
17,GUIDE0602,0
2,EXP0090,0
18,GUIDE1364,1
12,EXP1920,0
19,TRAV1026,0
18,EXP1188,1
17,TRAV1379,1
6,TRAV1372,1
15,TRAV1404,0
3,GUIDE0708,0
6,EXP0171,0
3,TRAV0112,1
1,TRAV1342,0
13,EXP1205,1
14,TRAV0166,1
13,GUIDE0553,0
4,EXP0557,0
7,GUIDE1116,0
10,EXP1602,1
7,EXP0446,1
15,EXP0805,0
15,GUIDE0396,1
4,EXP0468,0
6,TRAV1441,0
20,EXP0724,0
5,GUIDE0270,1
20,TRAV1273,1
12,GUIDE1203,0
1,EXP2061,0
8,EXP1307,1
1,EXP0614,0
5,TRAV0427,1
6,EXP0617,0
3,EXP0897,1
15,GUIDE0210,0
5,EXP0573,1
14,TRAV0643,0
18,TRAV0647,1
16,GUIDE1260,1
6,GUIDE0798,1
14,GUIDE0738,1
8,EXP0680,0
7,TRAV0323,1
8,TRAV0329,1
13,GUIDE0468,0
6,TRAV0623,1
18,EXP0298,0
2,TRAV0461,1
8,TRAV0117,1
11,EXP0157,1
1,GUIDE1440,1
6,EXP0603,1
16,EXP0422,1
20,TRAV1062,0
12,EXP0327,0
11,TRAV0677,1
10,GUIDE0536,1
3,GUIDE0385,0
13,GUIDE0627,0
3,EXP0914,1
15,TRAV0501,1
16,TRAV0527,1
13,GUIDE0087,1
17,GUIDE0917,1
3,EXP0498,1
20,EXP1265,0
11,GUIDE1127,1
19,TRAV0892,1
11,EXP0437,0
16,TRAV0014,0
3,GUIDE1428,0
6,TRAV1304,0
14,EXP0541,1
18,EXP1212,0
17,TRAV1055,0
4,GUIDE0432,1
15,EXP2008,0
11,EXP0627,0
3,EXP0653,1
3,EXP0674,1
16,TRAV0537,1
5,GUIDE0428,1
10,GUIDE0091,1
19,EXP1729,1
4,EXP0383,1
19,TRAV0421,0
11,EXP0528,0
2,EXP0642,1
10,EXP1120,0
11,GUIDE0500,1
20,EXP0472,0
16,EXP0200,1
19,TRAV1133,0
11,EXP0565,1
14,TRAV0624,0
2,GUIDE1237,1
5,EXP2319,0
5,EXP2285,0
19,GUIDE0138,1
12,EXP0231,0
18,GUIDE1194,0
4,EXP0649,0
17,TRAV1459,0
10,EXP1565,0
20,GUIDE1127,1
6,EXP2160,1
14,EXP2350,0
11,EXP1641,1
11,GUIDE0257,0
18,TRAV1455,1
18,EXP2064,0
11,EXP1707,0
12,TRAV0774,0
5,GUIDE0805,0
9,EXP0518,1
9,TRAV1176,1
10,GUIDE0152,1
19,TRAV1161,0
1,EXP0932,1
7,TRAV0174,1
4,EXP0046,0
1,EXP0199,0
15,TRAV0411,0
8,EXP0283,1
12,EXP2162,1
18,EXP0232,0
15,TRAV1112,1
17,TRAV0307,0
14,EXP0297,1
14,GUIDE0746,0
18,EXP1367,1
20,EXP1503,1
18,EXP0753,1
16,EXP1105,0
1,EXP1715,0
11,EXP1444,0
15,EXP1463,1
12,EXP1536,0
8,EXP0422,1
20,TRAV0743,0
6,TRAV0830,0
3,GUIDE1171,1
13,EXP1707,1
13,TRAV0296,0
2,EXP2133,0
5,EXP1715,1
17,TRAV0257,1
6,EXP0237,0
2,EXP0550,1
4,GUIDE0849,0
11,EXP1053,0
8,EXP1018,0
12,GUIDE0161,1
8,TRAV1242,0
11,TRAV1047,0
20,EXP1525,1
8,GUIDE1452,1
8,EXP0005,1
17,EXP1256,0
20,EXP0026,1
20,GUIDE0730,1
16,TRAV0601,0
14,EXP0833,0
11,GUIDE1134,0
7,GUIDE0457,0
16,EXP0717,1
13,TRAV1212,0
15,EXP1604,1
16,TRAV0493,0
9,EXP0122,0
3,EXP0973,1
19,TRAV1496,1
20,GUIDE0245,1
5,TRAV0433,0
10,EXP2149,0
17,TRAV0126,1
15,EXP2124,1
8,GUIDE0702,0
15,TRAV0705,1
14,TRAV1259,1
20,EXP1186,0
7,TRAV0330,1
12,EXP1625,0
17,GUIDE0810,0
17,EXP0296,0
10,TRAV0147,1
19,TRAV1426,1
14,GUIDE1000,1
11,TRAV0057,1
2,EXP1358,0
18,EXP2307,0
7,TRAV0981,1
12,TRAV1039,1
2,TRAV1228,1
20,GUIDE0489,1
18,EXP0516,0
6,EXP1312,1
10,GUIDE0422,0
20,EXP0061,1
15,EXP1642,1
5,EXP0632,1
20,GUIDE0409,0
3,GUIDE1190,1
5,EXP0429,0
8,EXP1774,0
8,TRAV0362,1
8,GUIDE1494,0
12,GUIDE0703,0
8,GUIDE0999,0
11,TRAV0317,1
14,EXP0057,0
8,GUIDE0770,0
10,EXP0616,1
7,EXP0364,1
17,EXP1727,0
4,GUIDE0600,0
13,EXP0386,0
4,EXP1599,0
5,EXP0828,1
4,TRAV0929,1
18,GUIDE1286,0
6,EXP0894,1
2,GUIDE1036,0
11,TRAV0832,1
14,GUIDE0387,1
5,TRAV0129,0
6,GUIDE1156,0
10,TRAV1473,0
8,EXP0860,0
14,EXP0988,1
3,TRAV0375,1
12,EXP2425,0
16,GUIDE0321,1
17,EXP1127,1
1,TRAV0681,0
10,EXP1193,0
10,TRAV0492,1
2,EXP0259,0
9,GUIDE0105,0
13,GUIDE0540,1
16,EXP2101,1
18,TRAV1375,0
19,GUIDE1403,1
12,EXP2446,0
8,GUIDE0635,0
17,EXP0521,1
15,EXP2034,1
10,GUIDE0075,0
15,EXP0680,0
15,GUIDE1319,0
7,TRAV1215,1
13,TRAV1171,0
17,TRAV0180,1
9,TRAV0472,0
8,EXP0499,1
20,EXP1625,0
18,TRAV0229,1
13,GUIDE0630,0
16,GUIDE0254,0
9,EXP0650,0
12,EXP2097,0
12,GUIDE1151,1
6,EXP2259,1
19,TRAV0359,1
7,EXP0376,1
3,GUIDE1443,1
16,EXP0599,0
18,EXP1909,1
16,EXP1241,1
7,EXP0889,1
4,EXP2487,1
8,EXP0866,0
13,TRAV0620,0
13,EXP1243,0
17,TRAV0871,0
17,EXP1553,1
5,GUIDE1237,1
6,EXP0639,0
19,EXP1854,0
13,TRAV1281,1
14,GUIDE0063,1
4,GUIDE0925,0
7,GUIDE0805,0
8,EXP0014,0
13,EXP0430,0
6,GUIDE0520,1
6,GUIDE0917,1
3,EXP1080,1
3,EXP1945,0
13,EXP2353,1
2,EXP0168,1
16,TRAV0900,0
6,TRAV0208,0
8,TRAV1452,0
8,EXP2309,0
6,EXP0111,0
14,EXP0329,0
3,EXP0936,1
10,TRAV0967,1
3,EXP0567,1
12,GUIDE1464,1
17,EXP0827,1
5,GUIDE1277,1
20,GUIDE0177,0
9,EXP0451,0
20,GUIDE0453,0
7,EXP0103,1
4,GUIDE0874,1
13,EXP0219,0
13,TRAV0346,0
10,GUIDE0476,0
18,EXP1728,0
17,EXP1548,0
20,EXP0289,1
20,EXP0045,1
13,GUIDE1360,1
17,TRAV1106,0
4,EXP1042,1
1,EXP0814,0
1,EXP1660,1
15,TRAV0381,0
13,EXP0391,0
17,GUIDE0626,1
8,GUIDE0396,1
18,GUIDE0735,1
13,GUIDE0972,1
14,EXP1135,1
8,EXP1178,0
8,TRAV1285,1
15,EXP1478,1
13,TRAV0438,0
7,TRAV1169,1
5,EXP1613,0
17,EXP0019,1
16,GUIDE0612,1
2,GUIDE0403,0
18,GUIDE0232,1
17,TRAV0417,1
7,EXP1353,1
13,EXP0822,1
18,TRAV0160,0
14,GUIDE1185,0
18,EXP1437,1
13,GUIDE0753,1
11,EXP1076,0
16,EXP0825,0
17,EXP1210,1
8,EXP1623,0
19,EXP1503,0
20,EXP2480,0
15,EXP1578,0
9,GUIDE1165,1
20,GUIDE0390,0
10,GUIDE1180,1
12,GUIDE0219,1
20,GUIDE0958,0
1,EXP0405,1
20,GUIDE0363,1
9,TRAV1039,0
15,EXP0443,0
1,TRAV1035,0
12,GUIDE1083,1
3,TRAV0449,1
11,EXP1297,1
2,EXP1665,1
16,EXP1790,0
9,EXP1066,1
15,TRAV0187,0
12,EXP0678,0
1,EXP0729,0
13,TRAV0459,0
14,TRAV0849,1
8,EXP2330,0
8,EXP1376,1
12,GUIDE1300,0
1,GUIDE1298,0
11,EXP0403,0
8,GUIDE1021,1
10,TRAV0118,0
19,EXP2236,0
11,EXP0579,0
7,EXP2336,0
11,GUIDE0371,1
17,TRAV1114,1
1,TRAV0986,0
8,TRAV0230,0
6,EXP1227,1
18,EXP2127,1
6,GUIDE1419,1
5,EXP0597,0
13,EXP2496,1
19,TRAV0359,0
8,EXP0326,1
9,EXP2214,1
17,EXP1583,0
3,EXP1939,1
19,TRAV1406,0
11,EXP0456,1
17,GUIDE0426,0
19,EXP0771,1
2,EXP1404,1
8,EXP1850,0
19,EXP2263,0
7,GUIDE1223,0
17,TRAV1341,0
6,TRAV0585,1
19,EXP2407,1
6,TRAV0089,1
2,TRAV1487,1
6,EXP0185,1
5,TRAV1213,1
19,GUIDE0079,0
20,GUIDE0356,1
4,EXP0068,1
17,EXP1273,0
11,TRAV1459,1
4,EXP0367,1
13,GUIDE0181,1
20,TRAV0668,0
17,EXP0927,0
9,GUIDE0683,1
4,TRAV1131,0
14,EXP0774,1
19,TRAV0985,1
3,TRAV1033,1
14,EXP2405,0
8,GUIDE0239,1
1,TRAV0189,1
10,EXP1016,1
18,TRAV0204,1
16,EXP1551,1
8,GUIDE0839,0
1,EXP2205,1
12,GUIDE0955,0
8,EXP1231,1
16,TRAV1080,0
18,GUIDE1232,1
4,TRAV1009,1
6,EXP0019,0
12,GUIDE1306,0
9,TRAV0028,1
15,TRAV0922,0
16,EXP1040,0
12,EXP2477,1
14,EXP0101,1
13,EXP1154,1
2,GUIDE0149,1
3,GUIDE1081,1
10,TRAV1199,0
9,GUIDE1016,1
20,EXP0426,0
8,EXP1361,1
10,TRAV1307,1
19,EXP2398,0
3,GUIDE0844,1
5,GUIDE1357,0
3,EXP2457,0
16,GUIDE0118,0
17,TRAV1078,1
15,EXP0942,1
3,EXP1952,1
12,EXP1774,1
9,GUIDE1177,1
12,EXP1320,1
15,TRAV0893,0
2,TRAV1285,1
18,EXP1460,1
20,EXP0548,1
12,TRAV1091,1
4,EXP1090,0
16,EXP1929,0
16,GUIDE0811,0
1,TRAV0998,0
2,EXP0699,0
3,EXP0343,1
20,EXP1445,0
17,GUIDE0825,0
20,TRAV1215,1
1,GUIDE0640,1
20,EXP1707,0
6,EXP2319,1
15,EXP0330,1
14,EXP1119,0
20,EXP1511,1
15,GUIDE0330,0
14,GUIDE0236,0
5,EXP0216,1
6,EXP0525,0
17,TRAV0800,0
11,EXP0688,1
16,EXP0231,1
12,EXP1260,1
15,EXP1324,1
4,TRAV0381,0
18,GUIDE0789,1
3,GUIDE0824,1
8,EXP0221,0
3,TRAV1388,0
8,GUIDE1462,0
18,TRAV1080,0
10,EXP1849,1
20,EXP0660,1
17,EXP2431,0
8,EXP1723,0
11,EXP1822,0
5,TRAV0095,0
13,GUIDE0192,1
5,TRAV0550,0
13,GUIDE0019,1
6,EXP0704,0
5,GUIDE0768,1
9,GUIDE0689,1
16,EXP1422,1
2,TRAV0060,1
1,TRAV0044,0
8,EXP0808,1
19,EXP1840,0
11,EXP2132,1
12,TRAV0356,1
12,EXP2285,0
7,GUIDE1104,0
13,GUIDE0976,1
8,EXP1358,1
9,EXP0754,0
7,EXP1014,1
15,TRAV0013,0
2,EXP0898,0
20,GUIDE0875,0
12,TRAV0616,1
1,GUIDE0939,1
8,EXP1657,0
5,GUIDE0845,0
15,EXP0079,0
1,EXP0761,0
1,GUIDE0852,1
10,GUIDE1027,0
10,EXP1778,1
15,EXP1754,0
17,EXP1365,1
6,EXP1491,1
3,TRAV0747,1
13,EXP0340,1
16,EXP2450,1
8,GUIDE0043,0
15,TRAV0271,0
17,EXP0139,1
17,GUIDE0920,0
13,GUIDE0717,0
17,GUIDE0184,0
6,EXP0899,0
17,EXP2238,0
16,GUIDE0910,0
14,TRAV0845,0
13,EXP1602,1
6,GUIDE1101,0
3,EXP0785,0
14,GUIDE0883,0
14,EXP2275,1
15,EXP1153,1
8,GUIDE1329,0
15,EXP1153,1
13,EXP2262,1
17,EXP1690,0
3,EXP1126,1
6,EXP2377,0
5,EXP1821,1
17,EXP1284,0
2,TRAV1001,1
15,EXP1130,0
5,TRAV0044,0
20,EXP2366,1
6,EXP1724,0
6,EXP0328,0
18,EXP0271,1
18,EXP0372,0
4,EXP0990,0
17,EXP1392,1
14,EXP2052,0
14,GUIDE1321,1
13,EXP0062,0
7,TRAV0820,1
12,EXP1281,1
15,EXP1444,0
19,EXP0637,1
11,TRAV1089,0
15,TRAV0179,0
12,TRAV1008,1
3,TRAV0588,0
17,EXP1352,0
3,TRAV1101,1
19,EXP0085,0
20,GUIDE0977,0
4,GUIDE1128,1
3,TRAV0377,0
16,TRAV1429,0
12,TRAV0232,1
8,TRAV0923,0
17,EXP1147,0
7,EXP0999,1
11,TRAV1312,0
18,EXP1668,0
1,EXP2476,1
3,TRAV0793,1
4,TRAV1041,0
13,EXP0899,0
6,GUIDE1350,1
14,EXP0682,0
5,EXP1226,0
16,EXP0419,0
15,EXP0694,1
15,EXP0341,0
4,GUIDE1463,0
8,EXP1664,1
16,GUIDE1423,1
16,EXP0047,1
4,EXP1321,0
13,TRAV0990,0
13,TRAV1119,1
2,EXP0436,0
3,EXP1102,0
8,EXP1076,0
15,EXP1440,0
11,TRAV1392,1
9,GUIDE1294,1
7,GUIDE0295,0
13,EXP0791,1
2,EXP0788,0
8,GUIDE0431,0
7,EXP0214,1
12,GUIDE0118,1
19,EXP2269,0
7,GUIDE1238,0
10,TRAV1196,0
16,EXP1354,0
3,GUIDE0675,1
10,GUIDE0110,1
6,EXP1342,0
18,GUIDE0649,0
18,EXP1605,1
5,EXP1818,0
7,EXP0574,1
2,TRAV0706,0
11,GUIDE0604,1
13,GUIDE1044,0
5,GUIDE0437,0
6,EXP1237,0
14,EXP1506,1
12,EXP1453,1
4,EXP0127,0
6,EXP1534,0
10,EXP1730,0
18,TRAV0977,0
15,GUIDE1106,1
8,EXP0586,1
9,GUIDE0416,1
5,GUIDE0363,0
10,EXP1222,0
20,EXP2426,1
6,EXP0923,0
16,TRAV0747,1
3,TRAV0867,1
10,EXP2219,1
11,EXP0445,1
11,EXP1521,0
17,GUIDE0700,1
4,EXP2280,0
4,EXP1985,1
17,GUIDE0176,1
9,EXP1998,1
19,TRAV0196,1
5,EXP0442,0
6,EXP0742,0
3,GUIDE1499,0
1,EXP0605,0
20,GUIDE1034,1
16,EXP1190,0
11,EXP1016,0
13,EXP1758,1
10,GUIDE0165,0
3,EXP1824,0
9,GUIDE0514,0
12,EXP1498,0
14,GUIDE0744,1
1,GUIDE0324,1
18,EXP2354,0
17,GUIDE0376,1
9,GUIDE1058,0
9,EXP1645,0
10,TRAV0599,0
19,EXP0921,1
15,EXP1062,1
5,TRAV1465,1
15,GUIDE0948,1
20,TRAV0473,1
2,EXP0798,1
13,EXP2281,0
16,EXP1969,1
15,GUIDE0011,0
10,TRAV1444,0
14,GUIDE0115,1
10,EXP1106,0
14,EXP0148,0
9,TRAV1064,0
14,TRAV1362,1
3,GUIDE1270,1
20,GUIDE1406,0
16,EXP0356,1
2,GUIDE1092,0
10,GUIDE0800,1
3,EXP0401,0
11,GUIDE0606,0
11,TRAV0983,1
13,GUIDE0784,1
7,GUIDE0444,1
17,TRAV0437,1
2,GUIDE0791,1
12,TRAV0218,0
10,EXP1066,0
18,EXP2342,0
11,EXP0227,1
16,EXP0541,1
17,EXP0468,0
19,GUIDE0952,0
18,EXP1771,0
3,TRAV1341,0
16,EXP2323,1
6,EXP0320,0
12,EXP0939,1
11,GUIDE0090,0
15,EXP2098,1
15,GUIDE0819,1
16,EXP1879,1
10,TRAV1430,1
12,TRAV0495,0
13,EXP1882,0
4,EXP2020,0
7,TRAV1332,1
2,EXP2160,0
15,GUIDE1205,0
8,EXP1168,0
7,EXP0611,1
15,EXP0535,1
14,EXP0491,1
8,EXP2118,0
12,GUIDE1449,0
13,TRAV1172,0
11,EXP0129,1
17,EXP0267,0
17,GUIDE1483,1
4,GUIDE0890,1
8,GUIDE0893,1
5,GUIDE0123,1
16,EXP1395,0
4,EXP1650,0
15,GUIDE0670,1
12,EXP1420,0
5,TRAV0069,1
16,TRAV0604,0
14,EXP2244,0
10,GUIDE0850,1
7,GUIDE0262,1
13,TRAV0382,1
20,GUIDE0562,1
5,EXP1075,0
3,EXP1449,1
15,EXP1887,0
4,EXP1363,1
15,EXP2033,0
14,EXP0301,1
20,EXP1782,0
19,EXP0572,0
13,EXP0046,0
10,TRAV0659,1
5,TRAV0828,1
20,EXP2093,1
20,EXP1048,1
6,TRAV0365,0
4,GUIDE0742,0
2,GUIDE0088,0
16,EXP0460,1
18,EXP1106,0
5,GUIDE0303,0
4,EXP1026,1
13,EXP1445,1
19,EXP0923,0
2,EXP0479,1
13,GUIDE1036,1
11,GUIDE0913,1
4,TRAV1208,1
20,TRAV1216,0
20,GUIDE0023,0
15,TRAV0482,0
4,EXP2174,0
9,EXP1174,0
7,TRAV0621,1
19,EXP0506,0
19,EXP1406,0
6,GUIDE0843,1
6,TRAV0987,1
20,TRAV0959,1
15,GUIDE0123,0
15,EXP2063,1
20,EXP1603,1
9,EXP0062,1
4,TRAV0922,0
18,TRAV1331,1
18,EXP0171,1
5,GUIDE0318,0
20,TRAV0299,1
11,TRAV0887,0
5,TRAV0898,0
4,EXP2282,1
12,TRAV0320,0
2,GUIDE0229,1
13,EXP1110,1
10,EXP0427,1
9,EXP1046,1
10,GUIDE0780,0
7,TRAV1205,1
4,TRAV1127,1
19,GUIDE0738,1
10,GUIDE0024,0
3,GUIDE1152,0
19,EXP2437,1
2,GUIDE0966,0
20,TRAV0987,0
10,EXP2105,1
2,GUIDE1405,1
2,GUIDE1011,1
17,EXP1097,1
16,EXP0554,1
16,TRAV1101,0
14,GUIDE0217,1
7,GUIDE0518,1
11,GUIDE1152,1
1,TRAV0592,1
11,TRAV0965,1
4,EXP2141,0
7,EXP2310,1
15,EXP0469,0
18,EXP1371,1
12,EXP1269,1
17,GUIDE0675,1
1,GUIDE1164,0
11,TRAV0838,1
1,TRAV0481,1
15,EXP0778,1
10,GUIDE1115,1
7,GUIDE0333,1
2,EXP1682,1
10,EXP1038,1
4,GUIDE1309,0
12,EXP0904,1
19,GUIDE0545,1
11,GUIDE1337,1
8,GUIDE1010,0
18,TRAV1061,0
11,GUIDE0723,1
11,TRAV0417,0
13,EXP0982,1
3,TRAV0434,1
12,EXP0002,0
3,GUIDE1484,1
10,TRAV0188,0
17,TRAV0580,0
2,GUIDE0439,0
17,EXP2473,1
